Copyright 1986-2020 Xilinx, Inc. All Rights Reserved.
--------------------------------------------------------------------------------------------------------------------------------------------------------------------------------------------------------------------------
| Tool Version : Vivado v.2020.1 (lin64) Build 2902540 Wed May 27 19:54:35 MDT 2020
| Date         : Thu May 28 03:30:19 2020
| Host         : xcoengvm229206 running 64-bit Red Hat Enterprise Linux Workstation release 7.4 (Maipo)
| Command      : report_timing_summary -max_paths 10 -file project_1_wrapper_timing_summary_routed.rpt -pb project_1_wrapper_timing_summary_routed.pb -rpx project_1_wrapper_timing_summary_routed.rpx -warn_on_violation
| Design       : project_1_wrapper
| Device       : 7z020-clg484
| Speed File   : -1  PRODUCTION 1.12 2019-11-22
--------------------------------------------------------------------------------------------------------------------------------------------------------------------------------------------------------------------------

Timing Summary Report

------------------------------------------------------------------------------------------------
| Timer Settings
| --------------
------------------------------------------------------------------------------------------------

  Enable Multi Corner Analysis               :  Yes
  Enable Pessimism Removal                   :  Yes
  Pessimism Removal Resolution               :  Nearest Common Node
  Enable Input Delay Default Clock           :  No
  Enable Preset / Clear Arcs                 :  No
  Disable Flight Delays                      :  No
  Ignore I/O Paths                           :  No
  Timing Early Launch at Borrowing Latches   :  No
  Borrow Time for Max Delay Exceptions       :  Yes
  Merge Timing Exceptions                    :  Yes

  Corner  Analyze    Analyze    
  Name    Max Paths  Min Paths  
  ------  ---------  ---------  
  Slow    Yes        Yes        
  Fast    Yes        Yes        



check_timing report

Table of Contents
-----------------
1. checking no_clock (0)
2. checking constant_clock (0)
3. checking pulse_width_clock (0)
4. checking unconstrained_internal_endpoints (0)
5. checking no_input_delay (0)
6. checking no_output_delay (4)
7. checking multiple_clock (0)
8. checking generated_clocks (0)
9. checking loops (0)
10. checking partial_input_delay (0)
11. checking partial_output_delay (0)
12. checking latch_loops (0)

1. checking no_clock (0)
------------------------
 There are 0 register/latch pins with no clock.


2. checking constant_clock (0)
------------------------------
 There are 0 register/latch pins with constant_clock.


3. checking pulse_width_clock (0)
---------------------------------
 There are 0 register/latch pins which need pulse_width check


4. checking unconstrained_internal_endpoints (0)
------------------------------------------------
 There are 0 pins that are not constrained for maximum delay.

 There are 0 pins that are not constrained for maximum delay due to constant clock.


5. checking no_input_delay (0)
------------------------------
 There are 0 input ports with no input delay specified.

 There are 0 input ports with no input delay but user has a false path constraint.


6. checking no_output_delay (4)
-------------------------------
 There are 4 ports with no output delay specified. (HIGH)

 There are 0 ports with no output delay but user has a false path constraint

 There are 0 ports with no output delay but with a timing clock defined on it or propagating through it


7. checking multiple_clock (0)
------------------------------
 There are 0 register/latch pins with multiple clocks.


8. checking generated_clocks (0)
--------------------------------
 There are 0 generated clocks that are not connected to a clock source.


9. checking loops (0)
---------------------
 There are 0 combinational loops in the design.


10. checking partial_input_delay (0)
------------------------------------
 There are 0 input ports with partial input delay specified.


11. checking partial_output_delay (0)
-------------------------------------
 There are 0 ports with partial output delay specified.


12. checking latch_loops (0)
----------------------------
 There are 0 combinational latch loops in the design through latch input



------------------------------------------------------------------------------------------------
| Design Timing Summary
| ---------------------
------------------------------------------------------------------------------------------------

    WNS(ns)      TNS(ns)  TNS Failing Endpoints  TNS Total Endpoints      WHS(ns)      THS(ns)  THS Failing Endpoints  THS Total Endpoints     WPWS(ns)     TPWS(ns)  TPWS Failing Endpoints  TPWS Total Endpoints  
    -------      -------  ---------------------  -------------------      -------      -------  ---------------------  -------------------     --------     --------  ----------------------  --------------------  
      4.147        0.000                      0                  773        0.106        0.000                      0                  773        4.020        0.000                       0                   358  


All user specified timing constraints are met.


------------------------------------------------------------------------------------------------
| Clock Summary
| -------------
------------------------------------------------------------------------------------------------

Clock       Waveform(ns)       Period(ns)      Frequency(MHz)
-----       ------------       ----------      --------------
clk_fpga_0  {0.000 5.000}      10.000          100.000         


------------------------------------------------------------------------------------------------
| Intra Clock Table
| -----------------
------------------------------------------------------------------------------------------------

Clock             WNS(ns)      TNS(ns)  TNS Failing Endpoints  TNS Total Endpoints      WHS(ns)      THS(ns)  THS Failing Endpoints  THS Total Endpoints     WPWS(ns)     TPWS(ns)  TPWS Failing Endpoints  TPWS Total Endpoints  
-----             -------      -------  ---------------------  -------------------      -------      -------  ---------------------  -------------------     --------     --------  ----------------------  --------------------  
clk_fpga_0          4.147        0.000                      0                  773        0.106        0.000                      0                  773        4.020        0.000                       0                   358  


------------------------------------------------------------------------------------------------
| Inter Clock Table
| -----------------
------------------------------------------------------------------------------------------------

From Clock    To Clock          WNS(ns)      TNS(ns)  TNS Failing Endpoints  TNS Total Endpoints      WHS(ns)      THS(ns)  THS Failing Endpoints  THS Total Endpoints  
----------    --------          -------      -------  ---------------------  -------------------      -------      -------  ---------------------  -------------------  


------------------------------------------------------------------------------------------------
| Other Path Groups Table
| -----------------------
------------------------------------------------------------------------------------------------

Path Group    From Clock    To Clock          WNS(ns)      TNS(ns)  TNS Failing Endpoints  TNS Total Endpoints      WHS(ns)      THS(ns)  THS Failing Endpoints  THS Total Endpoints  
----------    ----------    --------          -------      -------  ---------------------  -------------------      -------      -------  ---------------------  -------------------  


------------------------------------------------------------------------------------------------
| Timing Details
| --------------
------------------------------------------------------------------------------------------------


---------------------------------------------------------------------------------------------------
From Clock:  clk_fpga_0
  To Clock:  clk_fpga_0

Setup :            0  Failing Endpoints,  Worst Slack        4.147ns,  Total Violation        0.000ns
Hold  :            0  Failing Endpoints,  Worst Slack        0.106ns,  Total Violation        0.000ns
PW    :            0  Failing Endpoints,  Worst Slack        4.020ns,  Total Violation        0.000ns
---------------------------------------------------------------------------------------------------


Max Delay Paths
--------------------------------------------------------------------------------------
Slack (MET) :             4.147ns  (required time - arrival time)
  Source:                 project_1_i/SMART_CON_0/inst/s00_entry_pipeline/s00_si_converter/inst/gen_axilite_conv.axilite_conv_inst/b_cnt_reg[8]/C
                            (rising edge-triggered cell FDRE clocked by clk_fpga_0  {rise@0.000ns fall@5.000ns period=10.000ns})
  Destination:            project_1_i/SMART_CON_0/inst/s00_entry_pipeline/s00_si_converter/inst/gen_axilite_conv.axilite_conv_inst/b_cnt_reg[0]/R
                            (rising edge-triggered cell FDRE clocked by clk_fpga_0  {rise@0.000ns fall@5.000ns period=10.000ns})
  Path Group:             clk_fpga_0
  Path Type:              Setup (Max at Slow Process Corner)
  Requirement:            10.000ns  (clk_fpga_0 rise@10.000ns - clk_fpga_0 rise@0.000ns)
  Data Path Delay:        5.005ns  (logic 1.485ns (29.669%)  route 3.520ns (70.331%))
  Logic Levels:           5  (CARRY4=1 LUT2=1 LUT4=1 LUT6=2)
  Clock Path Skew:        -0.022ns (DCD - SCD + CPR)
    Destination Clock Delay (DCD):    2.875ns = ( 12.875 - 10.000 ) 
    Source Clock Delay      (SCD):    3.182ns
    Clock Pessimism Removal (CPR):    0.285ns
  Clock Uncertainty:      0.302ns  ((TSJ^2 + TIJ^2)^1/2 + DJ) / 2 + PE
    Total System Jitter     (TSJ):    0.071ns
    Total Input Jitter      (TIJ):    0.600ns
    Discrete Jitter          (DJ):    0.000ns
    Phase Error              (PE):    0.000ns

    Location             Delay type                Incr(ns)  Path(ns)    Netlist Resource(s)
  -------------------------------------------------------------------    -------------------
                         (clock clk_fpga_0 rise edge)
                                                      0.000     0.000 r  
    PS7_X0Y0             PS7                          0.000     0.000 r  project_1_i/ZYNQPS_0/inst/PS7_i/FCLKCLK[0]
                         net (fo=1, routed)           1.193     1.193    project_1_i/ZYNQPS_0/inst/FCLK_CLK_unbuffered[0]
    BUFGCTRL_X0Y16       BUFG (Prop_bufg_I_O)         0.101     1.294 r  project_1_i/ZYNQPS_0/inst/buffer_fclk_clk_0.FCLK_CLK_0_BUFG/O
                         net (fo=358, routed)         1.888     3.182    project_1_i/SMART_CON_0/inst/s00_entry_pipeline/s00_si_converter/inst/gen_axilite_conv.axilite_conv_inst/aclk
    SLICE_X27Y101        FDRE                                         r  project_1_i/SMART_CON_0/inst/s00_entry_pipeline/s00_si_converter/inst/gen_axilite_conv.axilite_conv_inst/b_cnt_reg[8]/C
  -------------------------------------------------------------------    -------------------
    SLICE_X27Y101        FDRE (Prop_fdre_C_Q)         0.419     3.601 r  project_1_i/SMART_CON_0/inst/s00_entry_pipeline/s00_si_converter/inst/gen_axilite_conv.axilite_conv_inst/b_cnt_reg[8]/Q
                         net (fo=4, routed)           0.595     4.196    project_1_i/SMART_CON_0/inst/s00_entry_pipeline/s00_si_converter/inst/gen_axilite_conv.axilite_conv_inst/b_cnt_reg[8]
    SLICE_X26Y99         LUT2 (Prop_lut2_I0_O)        0.296     4.492 r  project_1_i/SMART_CON_0/inst/s00_entry_pipeline/s00_si_converter/inst/gen_axilite_conv.axilite_conv_inst/m_axi_bready_i1_carry_i_5/O
                         net (fo=1, routed)           0.989     5.481    project_1_i/SMART_CON_0/inst/s00_entry_pipeline/s00_si_converter/inst/gen_axilite_conv.axilite_conv_inst/m_axi_bready_i1_carry_i_5_n_0
    SLICE_X27Y100        LUT6 (Prop_lut6_I0_O)        0.124     5.605 r  project_1_i/SMART_CON_0/inst/s00_entry_pipeline/s00_si_converter/inst/gen_axilite_conv.axilite_conv_inst/m_axi_bready_i1_carry_i_2/O
                         net (fo=1, routed)           0.000     5.605    project_1_i/SMART_CON_0/inst/s00_entry_pipeline/s00_si_converter/inst/gen_axilite_conv.axilite_conv_inst/m_axi_bready_i1_carry_i_2_n_0
    SLICE_X27Y100        CARRY4 (Prop_carry4_S[2]_CO[3])
                                                      0.398     6.003 r  project_1_i/SMART_CON_0/inst/s00_entry_pipeline/s00_si_converter/inst/gen_axilite_conv.axilite_conv_inst/m_axi_bready_i1_carry/CO[3]
                         net (fo=1, routed)           0.771     6.774    project_1_i/SMART_CON_0/inst/s00_entry_pipeline/s00_si_converter/inst/gen_axilite_conv.axilite_conv_inst/m_axi_bready_i142_in
    SLICE_X28Y98         LUT6 (Prop_lut6_I0_O)        0.124     6.898 f  project_1_i/SMART_CON_0/inst/s00_entry_pipeline/s00_si_converter/inst/gen_axilite_conv.axilite_conv_inst/s_axi_bvalid_i_i_2/O
                         net (fo=3, routed)           0.458     7.356    project_1_i/SMART_CON_0/inst/s00_entry_pipeline/s00_si_converter/inst/gen_axilite_conv.axilite_conv_inst/s_axi_bvalid_i_i_2_n_0
    SLICE_X28Y98         LUT4 (Prop_lut4_I1_O)        0.124     7.480 r  project_1_i/SMART_CON_0/inst/s00_entry_pipeline/s00_si_converter/inst/gen_axilite_conv.axilite_conv_inst/b_cnt[8]_i_1/O
                         net (fo=9, routed)           0.707     8.187    project_1_i/SMART_CON_0/inst/s00_entry_pipeline/s00_si_converter/inst/gen_axilite_conv.axilite_conv_inst/b_cnt[8]_i_1_n_0
    SLICE_X26Y101        FDRE                                         r  project_1_i/SMART_CON_0/inst/s00_entry_pipeline/s00_si_converter/inst/gen_axilite_conv.axilite_conv_inst/b_cnt_reg[0]/R
  -------------------------------------------------------------------    -------------------

                         (clock clk_fpga_0 rise edge)
                                                     10.000    10.000 r  
    PS7_X0Y0             PS7                          0.000    10.000 r  project_1_i/ZYNQPS_0/inst/PS7_i/FCLKCLK[0]
                         net (fo=1, routed)           1.088    11.088    project_1_i/ZYNQPS_0/inst/FCLK_CLK_unbuffered[0]
    BUFGCTRL_X0Y16       BUFG (Prop_bufg_I_O)         0.091    11.179 r  project_1_i/ZYNQPS_0/inst/buffer_fclk_clk_0.FCLK_CLK_0_BUFG/O
                         net (fo=358, routed)         1.696    12.875    project_1_i/SMART_CON_0/inst/s00_entry_pipeline/s00_si_converter/inst/gen_axilite_conv.axilite_conv_inst/aclk
    SLICE_X26Y101        FDRE                                         r  project_1_i/SMART_CON_0/inst/s00_entry_pipeline/s00_si_converter/inst/gen_axilite_conv.axilite_conv_inst/b_cnt_reg[0]/C
                         clock pessimism              0.285    13.160    
                         clock uncertainty           -0.302    12.858    
    SLICE_X26Y101        FDRE (Setup_fdre_C_R)       -0.524    12.334    project_1_i/SMART_CON_0/inst/s00_entry_pipeline/s00_si_converter/inst/gen_axilite_conv.axilite_conv_inst/b_cnt_reg[0]
  -------------------------------------------------------------------
                         required time                         12.334    
                         arrival time                          -8.187    
  -------------------------------------------------------------------
                         slack                                  4.147    

Slack (MET) :             4.147ns  (required time - arrival time)
  Source:                 project_1_i/SMART_CON_0/inst/s00_entry_pipeline/s00_si_converter/inst/gen_axilite_conv.axilite_conv_inst/b_cnt_reg[8]/C
                            (rising edge-triggered cell FDRE clocked by clk_fpga_0  {rise@0.000ns fall@5.000ns period=10.000ns})
  Destination:            project_1_i/SMART_CON_0/inst/s00_entry_pipeline/s00_si_converter/inst/gen_axilite_conv.axilite_conv_inst/b_cnt_reg[1]/R
                            (rising edge-triggered cell FDRE clocked by clk_fpga_0  {rise@0.000ns fall@5.000ns period=10.000ns})
  Path Group:             clk_fpga_0
  Path Type:              Setup (Max at Slow Process Corner)
  Requirement:            10.000ns  (clk_fpga_0 rise@10.000ns - clk_fpga_0 rise@0.000ns)
  Data Path Delay:        5.005ns  (logic 1.485ns (29.669%)  route 3.520ns (70.331%))
  Logic Levels:           5  (CARRY4=1 LUT2=1 LUT4=1 LUT6=2)
  Clock Path Skew:        -0.022ns (DCD - SCD + CPR)
    Destination Clock Delay (DCD):    2.875ns = ( 12.875 - 10.000 ) 
    Source Clock Delay      (SCD):    3.182ns
    Clock Pessimism Removal (CPR):    0.285ns
  Clock Uncertainty:      0.302ns  ((TSJ^2 + TIJ^2)^1/2 + DJ) / 2 + PE
    Total System Jitter     (TSJ):    0.071ns
    Total Input Jitter      (TIJ):    0.600ns
    Discrete Jitter          (DJ):    0.000ns
    Phase Error              (PE):    0.000ns

    Location             Delay type                Incr(ns)  Path(ns)    Netlist Resource(s)
  -------------------------------------------------------------------    -------------------
                         (clock clk_fpga_0 rise edge)
                                                      0.000     0.000 r  
    PS7_X0Y0             PS7                          0.000     0.000 r  project_1_i/ZYNQPS_0/inst/PS7_i/FCLKCLK[0]
                         net (fo=1, routed)           1.193     1.193    project_1_i/ZYNQPS_0/inst/FCLK_CLK_unbuffered[0]
    BUFGCTRL_X0Y16       BUFG (Prop_bufg_I_O)         0.101     1.294 r  project_1_i/ZYNQPS_0/inst/buffer_fclk_clk_0.FCLK_CLK_0_BUFG/O
                         net (fo=358, routed)         1.888     3.182    project_1_i/SMART_CON_0/inst/s00_entry_pipeline/s00_si_converter/inst/gen_axilite_conv.axilite_conv_inst/aclk
    SLICE_X27Y101        FDRE                                         r  project_1_i/SMART_CON_0/inst/s00_entry_pipeline/s00_si_converter/inst/gen_axilite_conv.axilite_conv_inst/b_cnt_reg[8]/C
  -------------------------------------------------------------------    -------------------
    SLICE_X27Y101        FDRE (Prop_fdre_C_Q)         0.419     3.601 r  project_1_i/SMART_CON_0/inst/s00_entry_pipeline/s00_si_converter/inst/gen_axilite_conv.axilite_conv_inst/b_cnt_reg[8]/Q
                         net (fo=4, routed)           0.595     4.196    project_1_i/SMART_CON_0/inst/s00_entry_pipeline/s00_si_converter/inst/gen_axilite_conv.axilite_conv_inst/b_cnt_reg[8]
    SLICE_X26Y99         LUT2 (Prop_lut2_I0_O)        0.296     4.492 r  project_1_i/SMART_CON_0/inst/s00_entry_pipeline/s00_si_converter/inst/gen_axilite_conv.axilite_conv_inst/m_axi_bready_i1_carry_i_5/O
                         net (fo=1, routed)           0.989     5.481    project_1_i/SMART_CON_0/inst/s00_entry_pipeline/s00_si_converter/inst/gen_axilite_conv.axilite_conv_inst/m_axi_bready_i1_carry_i_5_n_0
    SLICE_X27Y100        LUT6 (Prop_lut6_I0_O)        0.124     5.605 r  project_1_i/SMART_CON_0/inst/s00_entry_pipeline/s00_si_converter/inst/gen_axilite_conv.axilite_conv_inst/m_axi_bready_i1_carry_i_2/O
                         net (fo=1, routed)           0.000     5.605    project_1_i/SMART_CON_0/inst/s00_entry_pipeline/s00_si_converter/inst/gen_axilite_conv.axilite_conv_inst/m_axi_bready_i1_carry_i_2_n_0
    SLICE_X27Y100        CARRY4 (Prop_carry4_S[2]_CO[3])
                                                      0.398     6.003 r  project_1_i/SMART_CON_0/inst/s00_entry_pipeline/s00_si_converter/inst/gen_axilite_conv.axilite_conv_inst/m_axi_bready_i1_carry/CO[3]
                         net (fo=1, routed)           0.771     6.774    project_1_i/SMART_CON_0/inst/s00_entry_pipeline/s00_si_converter/inst/gen_axilite_conv.axilite_conv_inst/m_axi_bready_i142_in
    SLICE_X28Y98         LUT6 (Prop_lut6_I0_O)        0.124     6.898 f  project_1_i/SMART_CON_0/inst/s00_entry_pipeline/s00_si_converter/inst/gen_axilite_conv.axilite_conv_inst/s_axi_bvalid_i_i_2/O
                         net (fo=3, routed)           0.458     7.356    project_1_i/SMART_CON_0/inst/s00_entry_pipeline/s00_si_converter/inst/gen_axilite_conv.axilite_conv_inst/s_axi_bvalid_i_i_2_n_0
    SLICE_X28Y98         LUT4 (Prop_lut4_I1_O)        0.124     7.480 r  project_1_i/SMART_CON_0/inst/s00_entry_pipeline/s00_si_converter/inst/gen_axilite_conv.axilite_conv_inst/b_cnt[8]_i_1/O
                         net (fo=9, routed)           0.707     8.187    project_1_i/SMART_CON_0/inst/s00_entry_pipeline/s00_si_converter/inst/gen_axilite_conv.axilite_conv_inst/b_cnt[8]_i_1_n_0
    SLICE_X26Y101        FDRE                                         r  project_1_i/SMART_CON_0/inst/s00_entry_pipeline/s00_si_converter/inst/gen_axilite_conv.axilite_conv_inst/b_cnt_reg[1]/R
  -------------------------------------------------------------------    -------------------

                         (clock clk_fpga_0 rise edge)
                                                     10.000    10.000 r  
    PS7_X0Y0             PS7                          0.000    10.000 r  project_1_i/ZYNQPS_0/inst/PS7_i/FCLKCLK[0]
                         net (fo=1, routed)           1.088    11.088    project_1_i/ZYNQPS_0/inst/FCLK_CLK_unbuffered[0]
    BUFGCTRL_X0Y16       BUFG (Prop_bufg_I_O)         0.091    11.179 r  project_1_i/ZYNQPS_0/inst/buffer_fclk_clk_0.FCLK_CLK_0_BUFG/O
                         net (fo=358, routed)         1.696    12.875    project_1_i/SMART_CON_0/inst/s00_entry_pipeline/s00_si_converter/inst/gen_axilite_conv.axilite_conv_inst/aclk
    SLICE_X26Y101        FDRE                                         r  project_1_i/SMART_CON_0/inst/s00_entry_pipeline/s00_si_converter/inst/gen_axilite_conv.axilite_conv_inst/b_cnt_reg[1]/C
                         clock pessimism              0.285    13.160    
                         clock uncertainty           -0.302    12.858    
    SLICE_X26Y101        FDRE (Setup_fdre_C_R)       -0.524    12.334    project_1_i/SMART_CON_0/inst/s00_entry_pipeline/s00_si_converter/inst/gen_axilite_conv.axilite_conv_inst/b_cnt_reg[1]
  -------------------------------------------------------------------
                         required time                         12.334    
                         arrival time                          -8.187    
  -------------------------------------------------------------------
                         slack                                  4.147    

Slack (MET) :             4.147ns  (required time - arrival time)
  Source:                 project_1_i/SMART_CON_0/inst/s00_entry_pipeline/s00_si_converter/inst/gen_axilite_conv.axilite_conv_inst/b_cnt_reg[8]/C
                            (rising edge-triggered cell FDRE clocked by clk_fpga_0  {rise@0.000ns fall@5.000ns period=10.000ns})
  Destination:            project_1_i/SMART_CON_0/inst/s00_entry_pipeline/s00_si_converter/inst/gen_axilite_conv.axilite_conv_inst/b_cnt_reg[3]/R
                            (rising edge-triggered cell FDRE clocked by clk_fpga_0  {rise@0.000ns fall@5.000ns period=10.000ns})
  Path Group:             clk_fpga_0
  Path Type:              Setup (Max at Slow Process Corner)
  Requirement:            10.000ns  (clk_fpga_0 rise@10.000ns - clk_fpga_0 rise@0.000ns)
  Data Path Delay:        5.005ns  (logic 1.485ns (29.669%)  route 3.520ns (70.331%))
  Logic Levels:           5  (CARRY4=1 LUT2=1 LUT4=1 LUT6=2)
  Clock Path Skew:        -0.022ns (DCD - SCD + CPR)
    Destination Clock Delay (DCD):    2.875ns = ( 12.875 - 10.000 ) 
    Source Clock Delay      (SCD):    3.182ns
    Clock Pessimism Removal (CPR):    0.285ns
  Clock Uncertainty:      0.302ns  ((TSJ^2 + TIJ^2)^1/2 + DJ) / 2 + PE
    Total System Jitter     (TSJ):    0.071ns
    Total Input Jitter      (TIJ):    0.600ns
    Discrete Jitter          (DJ):    0.000ns
    Phase Error              (PE):    0.000ns

    Location             Delay type                Incr(ns)  Path(ns)    Netlist Resource(s)
  -------------------------------------------------------------------    -------------------
                         (clock clk_fpga_0 rise edge)
                                                      0.000     0.000 r  
    PS7_X0Y0             PS7                          0.000     0.000 r  project_1_i/ZYNQPS_0/inst/PS7_i/FCLKCLK[0]
                         net (fo=1, routed)           1.193     1.193    project_1_i/ZYNQPS_0/inst/FCLK_CLK_unbuffered[0]
    BUFGCTRL_X0Y16       BUFG (Prop_bufg_I_O)         0.101     1.294 r  project_1_i/ZYNQPS_0/inst/buffer_fclk_clk_0.FCLK_CLK_0_BUFG/O
                         net (fo=358, routed)         1.888     3.182    project_1_i/SMART_CON_0/inst/s00_entry_pipeline/s00_si_converter/inst/gen_axilite_conv.axilite_conv_inst/aclk
    SLICE_X27Y101        FDRE                                         r  project_1_i/SMART_CON_0/inst/s00_entry_pipeline/s00_si_converter/inst/gen_axilite_conv.axilite_conv_inst/b_cnt_reg[8]/C
  -------------------------------------------------------------------    -------------------
    SLICE_X27Y101        FDRE (Prop_fdre_C_Q)         0.419     3.601 r  project_1_i/SMART_CON_0/inst/s00_entry_pipeline/s00_si_converter/inst/gen_axilite_conv.axilite_conv_inst/b_cnt_reg[8]/Q
                         net (fo=4, routed)           0.595     4.196    project_1_i/SMART_CON_0/inst/s00_entry_pipeline/s00_si_converter/inst/gen_axilite_conv.axilite_conv_inst/b_cnt_reg[8]
    SLICE_X26Y99         LUT2 (Prop_lut2_I0_O)        0.296     4.492 r  project_1_i/SMART_CON_0/inst/s00_entry_pipeline/s00_si_converter/inst/gen_axilite_conv.axilite_conv_inst/m_axi_bready_i1_carry_i_5/O
                         net (fo=1, routed)           0.989     5.481    project_1_i/SMART_CON_0/inst/s00_entry_pipeline/s00_si_converter/inst/gen_axilite_conv.axilite_conv_inst/m_axi_bready_i1_carry_i_5_n_0
    SLICE_X27Y100        LUT6 (Prop_lut6_I0_O)        0.124     5.605 r  project_1_i/SMART_CON_0/inst/s00_entry_pipeline/s00_si_converter/inst/gen_axilite_conv.axilite_conv_inst/m_axi_bready_i1_carry_i_2/O
                         net (fo=1, routed)           0.000     5.605    project_1_i/SMART_CON_0/inst/s00_entry_pipeline/s00_si_converter/inst/gen_axilite_conv.axilite_conv_inst/m_axi_bready_i1_carry_i_2_n_0
    SLICE_X27Y100        CARRY4 (Prop_carry4_S[2]_CO[3])
                                                      0.398     6.003 r  project_1_i/SMART_CON_0/inst/s00_entry_pipeline/s00_si_converter/inst/gen_axilite_conv.axilite_conv_inst/m_axi_bready_i1_carry/CO[3]
                         net (fo=1, routed)           0.771     6.774    project_1_i/SMART_CON_0/inst/s00_entry_pipeline/s00_si_converter/inst/gen_axilite_conv.axilite_conv_inst/m_axi_bready_i142_in
    SLICE_X28Y98         LUT6 (Prop_lut6_I0_O)        0.124     6.898 f  project_1_i/SMART_CON_0/inst/s00_entry_pipeline/s00_si_converter/inst/gen_axilite_conv.axilite_conv_inst/s_axi_bvalid_i_i_2/O
                         net (fo=3, routed)           0.458     7.356    project_1_i/SMART_CON_0/inst/s00_entry_pipeline/s00_si_converter/inst/gen_axilite_conv.axilite_conv_inst/s_axi_bvalid_i_i_2_n_0
    SLICE_X28Y98         LUT4 (Prop_lut4_I1_O)        0.124     7.480 r  project_1_i/SMART_CON_0/inst/s00_entry_pipeline/s00_si_converter/inst/gen_axilite_conv.axilite_conv_inst/b_cnt[8]_i_1/O
                         net (fo=9, routed)           0.707     8.187    project_1_i/SMART_CON_0/inst/s00_entry_pipeline/s00_si_converter/inst/gen_axilite_conv.axilite_conv_inst/b_cnt[8]_i_1_n_0
    SLICE_X26Y101        FDRE                                         r  project_1_i/SMART_CON_0/inst/s00_entry_pipeline/s00_si_converter/inst/gen_axilite_conv.axilite_conv_inst/b_cnt_reg[3]/R
  -------------------------------------------------------------------    -------------------

                         (clock clk_fpga_0 rise edge)
                                                     10.000    10.000 r  
    PS7_X0Y0             PS7                          0.000    10.000 r  project_1_i/ZYNQPS_0/inst/PS7_i/FCLKCLK[0]
                         net (fo=1, routed)           1.088    11.088    project_1_i/ZYNQPS_0/inst/FCLK_CLK_unbuffered[0]
    BUFGCTRL_X0Y16       BUFG (Prop_bufg_I_O)         0.091    11.179 r  project_1_i/ZYNQPS_0/inst/buffer_fclk_clk_0.FCLK_CLK_0_BUFG/O
                         net (fo=358, routed)         1.696    12.875    project_1_i/SMART_CON_0/inst/s00_entry_pipeline/s00_si_converter/inst/gen_axilite_conv.axilite_conv_inst/aclk
    SLICE_X26Y101        FDRE                                         r  project_1_i/SMART_CON_0/inst/s00_entry_pipeline/s00_si_converter/inst/gen_axilite_conv.axilite_conv_inst/b_cnt_reg[3]/C
                         clock pessimism              0.285    13.160    
                         clock uncertainty           -0.302    12.858    
    SLICE_X26Y101        FDRE (Setup_fdre_C_R)       -0.524    12.334    project_1_i/SMART_CON_0/inst/s00_entry_pipeline/s00_si_converter/inst/gen_axilite_conv.axilite_conv_inst/b_cnt_reg[3]
  -------------------------------------------------------------------
                         required time                         12.334    
                         arrival time                          -8.187    
  -------------------------------------------------------------------
                         slack                                  4.147    

Slack (MET) :             4.147ns  (required time - arrival time)
  Source:                 project_1_i/SMART_CON_0/inst/s00_entry_pipeline/s00_si_converter/inst/gen_axilite_conv.axilite_conv_inst/b_cnt_reg[8]/C
                            (rising edge-triggered cell FDRE clocked by clk_fpga_0  {rise@0.000ns fall@5.000ns period=10.000ns})
  Destination:            project_1_i/SMART_CON_0/inst/s00_entry_pipeline/s00_si_converter/inst/gen_axilite_conv.axilite_conv_inst/b_cnt_reg[4]/R
                            (rising edge-triggered cell FDRE clocked by clk_fpga_0  {rise@0.000ns fall@5.000ns period=10.000ns})
  Path Group:             clk_fpga_0
  Path Type:              Setup (Max at Slow Process Corner)
  Requirement:            10.000ns  (clk_fpga_0 rise@10.000ns - clk_fpga_0 rise@0.000ns)
  Data Path Delay:        5.005ns  (logic 1.485ns (29.669%)  route 3.520ns (70.331%))
  Logic Levels:           5  (CARRY4=1 LUT2=1 LUT4=1 LUT6=2)
  Clock Path Skew:        -0.022ns (DCD - SCD + CPR)
    Destination Clock Delay (DCD):    2.875ns = ( 12.875 - 10.000 ) 
    Source Clock Delay      (SCD):    3.182ns
    Clock Pessimism Removal (CPR):    0.285ns
  Clock Uncertainty:      0.302ns  ((TSJ^2 + TIJ^2)^1/2 + DJ) / 2 + PE
    Total System Jitter     (TSJ):    0.071ns
    Total Input Jitter      (TIJ):    0.600ns
    Discrete Jitter          (DJ):    0.000ns
    Phase Error              (PE):    0.000ns

    Location             Delay type                Incr(ns)  Path(ns)    Netlist Resource(s)
  -------------------------------------------------------------------    -------------------
                         (clock clk_fpga_0 rise edge)
                                                      0.000     0.000 r  
    PS7_X0Y0             PS7                          0.000     0.000 r  project_1_i/ZYNQPS_0/inst/PS7_i/FCLKCLK[0]
                         net (fo=1, routed)           1.193     1.193    project_1_i/ZYNQPS_0/inst/FCLK_CLK_unbuffered[0]
    BUFGCTRL_X0Y16       BUFG (Prop_bufg_I_O)         0.101     1.294 r  project_1_i/ZYNQPS_0/inst/buffer_fclk_clk_0.FCLK_CLK_0_BUFG/O
                         net (fo=358, routed)         1.888     3.182    project_1_i/SMART_CON_0/inst/s00_entry_pipeline/s00_si_converter/inst/gen_axilite_conv.axilite_conv_inst/aclk
    SLICE_X27Y101        FDRE                                         r  project_1_i/SMART_CON_0/inst/s00_entry_pipeline/s00_si_converter/inst/gen_axilite_conv.axilite_conv_inst/b_cnt_reg[8]/C
  -------------------------------------------------------------------    -------------------
    SLICE_X27Y101        FDRE (Prop_fdre_C_Q)         0.419     3.601 r  project_1_i/SMART_CON_0/inst/s00_entry_pipeline/s00_si_converter/inst/gen_axilite_conv.axilite_conv_inst/b_cnt_reg[8]/Q
                         net (fo=4, routed)           0.595     4.196    project_1_i/SMART_CON_0/inst/s00_entry_pipeline/s00_si_converter/inst/gen_axilite_conv.axilite_conv_inst/b_cnt_reg[8]
    SLICE_X26Y99         LUT2 (Prop_lut2_I0_O)        0.296     4.492 r  project_1_i/SMART_CON_0/inst/s00_entry_pipeline/s00_si_converter/inst/gen_axilite_conv.axilite_conv_inst/m_axi_bready_i1_carry_i_5/O
                         net (fo=1, routed)           0.989     5.481    project_1_i/SMART_CON_0/inst/s00_entry_pipeline/s00_si_converter/inst/gen_axilite_conv.axilite_conv_inst/m_axi_bready_i1_carry_i_5_n_0
    SLICE_X27Y100        LUT6 (Prop_lut6_I0_O)        0.124     5.605 r  project_1_i/SMART_CON_0/inst/s00_entry_pipeline/s00_si_converter/inst/gen_axilite_conv.axilite_conv_inst/m_axi_bready_i1_carry_i_2/O
                         net (fo=1, routed)           0.000     5.605    project_1_i/SMART_CON_0/inst/s00_entry_pipeline/s00_si_converter/inst/gen_axilite_conv.axilite_conv_inst/m_axi_bready_i1_carry_i_2_n_0
    SLICE_X27Y100        CARRY4 (Prop_carry4_S[2]_CO[3])
                                                      0.398     6.003 r  project_1_i/SMART_CON_0/inst/s00_entry_pipeline/s00_si_converter/inst/gen_axilite_conv.axilite_conv_inst/m_axi_bready_i1_carry/CO[3]
                         net (fo=1, routed)           0.771     6.774    project_1_i/SMART_CON_0/inst/s00_entry_pipeline/s00_si_converter/inst/gen_axilite_conv.axilite_conv_inst/m_axi_bready_i142_in
    SLICE_X28Y98         LUT6 (Prop_lut6_I0_O)        0.124     6.898 f  project_1_i/SMART_CON_0/inst/s00_entry_pipeline/s00_si_converter/inst/gen_axilite_conv.axilite_conv_inst/s_axi_bvalid_i_i_2/O
                         net (fo=3, routed)           0.458     7.356    project_1_i/SMART_CON_0/inst/s00_entry_pipeline/s00_si_converter/inst/gen_axilite_conv.axilite_conv_inst/s_axi_bvalid_i_i_2_n_0
    SLICE_X28Y98         LUT4 (Prop_lut4_I1_O)        0.124     7.480 r  project_1_i/SMART_CON_0/inst/s00_entry_pipeline/s00_si_converter/inst/gen_axilite_conv.axilite_conv_inst/b_cnt[8]_i_1/O
                         net (fo=9, routed)           0.707     8.187    project_1_i/SMART_CON_0/inst/s00_entry_pipeline/s00_si_converter/inst/gen_axilite_conv.axilite_conv_inst/b_cnt[8]_i_1_n_0
    SLICE_X26Y101        FDRE                                         r  project_1_i/SMART_CON_0/inst/s00_entry_pipeline/s00_si_converter/inst/gen_axilite_conv.axilite_conv_inst/b_cnt_reg[4]/R
  -------------------------------------------------------------------    -------------------

                         (clock clk_fpga_0 rise edge)
                                                     10.000    10.000 r  
    PS7_X0Y0             PS7                          0.000    10.000 r  project_1_i/ZYNQPS_0/inst/PS7_i/FCLKCLK[0]
                         net (fo=1, routed)           1.088    11.088    project_1_i/ZYNQPS_0/inst/FCLK_CLK_unbuffered[0]
    BUFGCTRL_X0Y16       BUFG (Prop_bufg_I_O)         0.091    11.179 r  project_1_i/ZYNQPS_0/inst/buffer_fclk_clk_0.FCLK_CLK_0_BUFG/O
                         net (fo=358, routed)         1.696    12.875    project_1_i/SMART_CON_0/inst/s00_entry_pipeline/s00_si_converter/inst/gen_axilite_conv.axilite_conv_inst/aclk
    SLICE_X26Y101        FDRE                                         r  project_1_i/SMART_CON_0/inst/s00_entry_pipeline/s00_si_converter/inst/gen_axilite_conv.axilite_conv_inst/b_cnt_reg[4]/C
                         clock pessimism              0.285    13.160    
                         clock uncertainty           -0.302    12.858    
    SLICE_X26Y101        FDRE (Setup_fdre_C_R)       -0.524    12.334    project_1_i/SMART_CON_0/inst/s00_entry_pipeline/s00_si_converter/inst/gen_axilite_conv.axilite_conv_inst/b_cnt_reg[4]
  -------------------------------------------------------------------
                         required time                         12.334    
                         arrival time                          -8.187    
  -------------------------------------------------------------------
                         slack                                  4.147    

Slack (MET) :             4.147ns  (required time - arrival time)
  Source:                 project_1_i/SMART_CON_0/inst/s00_entry_pipeline/s00_si_converter/inst/gen_axilite_conv.axilite_conv_inst/b_cnt_reg[8]/C
                            (rising edge-triggered cell FDRE clocked by clk_fpga_0  {rise@0.000ns fall@5.000ns period=10.000ns})
  Destination:            project_1_i/SMART_CON_0/inst/s00_entry_pipeline/s00_si_converter/inst/gen_axilite_conv.axilite_conv_inst/b_cnt_reg[5]/R
                            (rising edge-triggered cell FDRE clocked by clk_fpga_0  {rise@0.000ns fall@5.000ns period=10.000ns})
  Path Group:             clk_fpga_0
  Path Type:              Setup (Max at Slow Process Corner)
  Requirement:            10.000ns  (clk_fpga_0 rise@10.000ns - clk_fpga_0 rise@0.000ns)
  Data Path Delay:        5.005ns  (logic 1.485ns (29.669%)  route 3.520ns (70.331%))
  Logic Levels:           5  (CARRY4=1 LUT2=1 LUT4=1 LUT6=2)
  Clock Path Skew:        -0.022ns (DCD - SCD + CPR)
    Destination Clock Delay (DCD):    2.875ns = ( 12.875 - 10.000 ) 
    Source Clock Delay      (SCD):    3.182ns
    Clock Pessimism Removal (CPR):    0.285ns
  Clock Uncertainty:      0.302ns  ((TSJ^2 + TIJ^2)^1/2 + DJ) / 2 + PE
    Total System Jitter     (TSJ):    0.071ns
    Total Input Jitter      (TIJ):    0.600ns
    Discrete Jitter          (DJ):    0.000ns
    Phase Error              (PE):    0.000ns

    Location             Delay type                Incr(ns)  Path(ns)    Netlist Resource(s)
  -------------------------------------------------------------------    -------------------
                         (clock clk_fpga_0 rise edge)
                                                      0.000     0.000 r  
    PS7_X0Y0             PS7                          0.000     0.000 r  project_1_i/ZYNQPS_0/inst/PS7_i/FCLKCLK[0]
                         net (fo=1, routed)           1.193     1.193    project_1_i/ZYNQPS_0/inst/FCLK_CLK_unbuffered[0]
    BUFGCTRL_X0Y16       BUFG (Prop_bufg_I_O)         0.101     1.294 r  project_1_i/ZYNQPS_0/inst/buffer_fclk_clk_0.FCLK_CLK_0_BUFG/O
                         net (fo=358, routed)         1.888     3.182    project_1_i/SMART_CON_0/inst/s00_entry_pipeline/s00_si_converter/inst/gen_axilite_conv.axilite_conv_inst/aclk
    SLICE_X27Y101        FDRE                                         r  project_1_i/SMART_CON_0/inst/s00_entry_pipeline/s00_si_converter/inst/gen_axilite_conv.axilite_conv_inst/b_cnt_reg[8]/C
  -------------------------------------------------------------------    -------------------
    SLICE_X27Y101        FDRE (Prop_fdre_C_Q)         0.419     3.601 r  project_1_i/SMART_CON_0/inst/s00_entry_pipeline/s00_si_converter/inst/gen_axilite_conv.axilite_conv_inst/b_cnt_reg[8]/Q
                         net (fo=4, routed)           0.595     4.196    project_1_i/SMART_CON_0/inst/s00_entry_pipeline/s00_si_converter/inst/gen_axilite_conv.axilite_conv_inst/b_cnt_reg[8]
    SLICE_X26Y99         LUT2 (Prop_lut2_I0_O)        0.296     4.492 r  project_1_i/SMART_CON_0/inst/s00_entry_pipeline/s00_si_converter/inst/gen_axilite_conv.axilite_conv_inst/m_axi_bready_i1_carry_i_5/O
                         net (fo=1, routed)           0.989     5.481    project_1_i/SMART_CON_0/inst/s00_entry_pipeline/s00_si_converter/inst/gen_axilite_conv.axilite_conv_inst/m_axi_bready_i1_carry_i_5_n_0
    SLICE_X27Y100        LUT6 (Prop_lut6_I0_O)        0.124     5.605 r  project_1_i/SMART_CON_0/inst/s00_entry_pipeline/s00_si_converter/inst/gen_axilite_conv.axilite_conv_inst/m_axi_bready_i1_carry_i_2/O
                         net (fo=1, routed)           0.000     5.605    project_1_i/SMART_CON_0/inst/s00_entry_pipeline/s00_si_converter/inst/gen_axilite_conv.axilite_conv_inst/m_axi_bready_i1_carry_i_2_n_0
    SLICE_X27Y100        CARRY4 (Prop_carry4_S[2]_CO[3])
                                                      0.398     6.003 r  project_1_i/SMART_CON_0/inst/s00_entry_pipeline/s00_si_converter/inst/gen_axilite_conv.axilite_conv_inst/m_axi_bready_i1_carry/CO[3]
                         net (fo=1, routed)           0.771     6.774    project_1_i/SMART_CON_0/inst/s00_entry_pipeline/s00_si_converter/inst/gen_axilite_conv.axilite_conv_inst/m_axi_bready_i142_in
    SLICE_X28Y98         LUT6 (Prop_lut6_I0_O)        0.124     6.898 f  project_1_i/SMART_CON_0/inst/s00_entry_pipeline/s00_si_converter/inst/gen_axilite_conv.axilite_conv_inst/s_axi_bvalid_i_i_2/O
                         net (fo=3, routed)           0.458     7.356    project_1_i/SMART_CON_0/inst/s00_entry_pipeline/s00_si_converter/inst/gen_axilite_conv.axilite_conv_inst/s_axi_bvalid_i_i_2_n_0
    SLICE_X28Y98         LUT4 (Prop_lut4_I1_O)        0.124     7.480 r  project_1_i/SMART_CON_0/inst/s00_entry_pipeline/s00_si_converter/inst/gen_axilite_conv.axilite_conv_inst/b_cnt[8]_i_1/O
                         net (fo=9, routed)           0.707     8.187    project_1_i/SMART_CON_0/inst/s00_entry_pipeline/s00_si_converter/inst/gen_axilite_conv.axilite_conv_inst/b_cnt[8]_i_1_n_0
    SLICE_X26Y101        FDRE                                         r  project_1_i/SMART_CON_0/inst/s00_entry_pipeline/s00_si_converter/inst/gen_axilite_conv.axilite_conv_inst/b_cnt_reg[5]/R
  -------------------------------------------------------------------    -------------------

                         (clock clk_fpga_0 rise edge)
                                                     10.000    10.000 r  
    PS7_X0Y0             PS7                          0.000    10.000 r  project_1_i/ZYNQPS_0/inst/PS7_i/FCLKCLK[0]
                         net (fo=1, routed)           1.088    11.088    project_1_i/ZYNQPS_0/inst/FCLK_CLK_unbuffered[0]
    BUFGCTRL_X0Y16       BUFG (Prop_bufg_I_O)         0.091    11.179 r  project_1_i/ZYNQPS_0/inst/buffer_fclk_clk_0.FCLK_CLK_0_BUFG/O
                         net (fo=358, routed)         1.696    12.875    project_1_i/SMART_CON_0/inst/s00_entry_pipeline/s00_si_converter/inst/gen_axilite_conv.axilite_conv_inst/aclk
    SLICE_X26Y101        FDRE                                         r  project_1_i/SMART_CON_0/inst/s00_entry_pipeline/s00_si_converter/inst/gen_axilite_conv.axilite_conv_inst/b_cnt_reg[5]/C
                         clock pessimism              0.285    13.160    
                         clock uncertainty           -0.302    12.858    
    SLICE_X26Y101        FDRE (Setup_fdre_C_R)       -0.524    12.334    project_1_i/SMART_CON_0/inst/s00_entry_pipeline/s00_si_converter/inst/gen_axilite_conv.axilite_conv_inst/b_cnt_reg[5]
  -------------------------------------------------------------------
                         required time                         12.334    
                         arrival time                          -8.187    
  -------------------------------------------------------------------
                         slack                                  4.147    

Slack (MET) :             4.264ns  (required time - arrival time)
  Source:                 project_1_i/SMART_CON_0/inst/s00_entry_pipeline/s00_si_converter/inst/gen_axilite_conv.axilite_conv_inst/b_cnt_reg[8]/C
                            (rising edge-triggered cell FDRE clocked by clk_fpga_0  {rise@0.000ns fall@5.000ns period=10.000ns})
  Destination:            project_1_i/SMART_CON_0/inst/s00_entry_pipeline/s00_si_converter/inst/gen_axilite_conv.axilite_conv_inst/b_cnt_reg[2]/R
                            (rising edge-triggered cell FDRE clocked by clk_fpga_0  {rise@0.000ns fall@5.000ns period=10.000ns})
  Path Group:             clk_fpga_0
  Path Type:              Setup (Max at Slow Process Corner)
  Requirement:            10.000ns  (clk_fpga_0 rise@10.000ns - clk_fpga_0 rise@0.000ns)
  Data Path Delay:        5.005ns  (logic 1.485ns (29.669%)  route 3.520ns (70.331%))
  Logic Levels:           5  (CARRY4=1 LUT2=1 LUT4=1 LUT6=2)
  Clock Path Skew:        0.000ns (DCD - SCD + CPR)
    Destination Clock Delay (DCD):    2.875ns = ( 12.875 - 10.000 ) 
    Source Clock Delay      (SCD):    3.182ns
    Clock Pessimism Removal (CPR):    0.307ns
  Clock Uncertainty:      0.302ns  ((TSJ^2 + TIJ^2)^1/2 + DJ) / 2 + PE
    Total System Jitter     (TSJ):    0.071ns
    Total Input Jitter      (TIJ):    0.600ns
    Discrete Jitter          (DJ):    0.000ns
    Phase Error              (PE):    0.000ns

    Location             Delay type                Incr(ns)  Path(ns)    Netlist Resource(s)
  -------------------------------------------------------------------    -------------------
                         (clock clk_fpga_0 rise edge)
                                                      0.000     0.000 r  
    PS7_X0Y0             PS7                          0.000     0.000 r  project_1_i/ZYNQPS_0/inst/PS7_i/FCLKCLK[0]
                         net (fo=1, routed)           1.193     1.193    project_1_i/ZYNQPS_0/inst/FCLK_CLK_unbuffered[0]
    BUFGCTRL_X0Y16       BUFG (Prop_bufg_I_O)         0.101     1.294 r  project_1_i/ZYNQPS_0/inst/buffer_fclk_clk_0.FCLK_CLK_0_BUFG/O
                         net (fo=358, routed)         1.888     3.182    project_1_i/SMART_CON_0/inst/s00_entry_pipeline/s00_si_converter/inst/gen_axilite_conv.axilite_conv_inst/aclk
    SLICE_X27Y101        FDRE                                         r  project_1_i/SMART_CON_0/inst/s00_entry_pipeline/s00_si_converter/inst/gen_axilite_conv.axilite_conv_inst/b_cnt_reg[8]/C
  -------------------------------------------------------------------    -------------------
    SLICE_X27Y101        FDRE (Prop_fdre_C_Q)         0.419     3.601 r  project_1_i/SMART_CON_0/inst/s00_entry_pipeline/s00_si_converter/inst/gen_axilite_conv.axilite_conv_inst/b_cnt_reg[8]/Q
                         net (fo=4, routed)           0.595     4.196    project_1_i/SMART_CON_0/inst/s00_entry_pipeline/s00_si_converter/inst/gen_axilite_conv.axilite_conv_inst/b_cnt_reg[8]
    SLICE_X26Y99         LUT2 (Prop_lut2_I0_O)        0.296     4.492 r  project_1_i/SMART_CON_0/inst/s00_entry_pipeline/s00_si_converter/inst/gen_axilite_conv.axilite_conv_inst/m_axi_bready_i1_carry_i_5/O
                         net (fo=1, routed)           0.989     5.481    project_1_i/SMART_CON_0/inst/s00_entry_pipeline/s00_si_converter/inst/gen_axilite_conv.axilite_conv_inst/m_axi_bready_i1_carry_i_5_n_0
    SLICE_X27Y100        LUT6 (Prop_lut6_I0_O)        0.124     5.605 r  project_1_i/SMART_CON_0/inst/s00_entry_pipeline/s00_si_converter/inst/gen_axilite_conv.axilite_conv_inst/m_axi_bready_i1_carry_i_2/O
                         net (fo=1, routed)           0.000     5.605    project_1_i/SMART_CON_0/inst/s00_entry_pipeline/s00_si_converter/inst/gen_axilite_conv.axilite_conv_inst/m_axi_bready_i1_carry_i_2_n_0
    SLICE_X27Y100        CARRY4 (Prop_carry4_S[2]_CO[3])
                                                      0.398     6.003 r  project_1_i/SMART_CON_0/inst/s00_entry_pipeline/s00_si_converter/inst/gen_axilite_conv.axilite_conv_inst/m_axi_bready_i1_carry/CO[3]
                         net (fo=1, routed)           0.771     6.774    project_1_i/SMART_CON_0/inst/s00_entry_pipeline/s00_si_converter/inst/gen_axilite_conv.axilite_conv_inst/m_axi_bready_i142_in
    SLICE_X28Y98         LUT6 (Prop_lut6_I0_O)        0.124     6.898 f  project_1_i/SMART_CON_0/inst/s00_entry_pipeline/s00_si_converter/inst/gen_axilite_conv.axilite_conv_inst/s_axi_bvalid_i_i_2/O
                         net (fo=3, routed)           0.458     7.356    project_1_i/SMART_CON_0/inst/s00_entry_pipeline/s00_si_converter/inst/gen_axilite_conv.axilite_conv_inst/s_axi_bvalid_i_i_2_n_0
    SLICE_X28Y98         LUT4 (Prop_lut4_I1_O)        0.124     7.480 r  project_1_i/SMART_CON_0/inst/s00_entry_pipeline/s00_si_converter/inst/gen_axilite_conv.axilite_conv_inst/b_cnt[8]_i_1/O
                         net (fo=9, routed)           0.707     8.187    project_1_i/SMART_CON_0/inst/s00_entry_pipeline/s00_si_converter/inst/gen_axilite_conv.axilite_conv_inst/b_cnt[8]_i_1_n_0
    SLICE_X27Y101        FDRE                                         r  project_1_i/SMART_CON_0/inst/s00_entry_pipeline/s00_si_converter/inst/gen_axilite_conv.axilite_conv_inst/b_cnt_reg[2]/R
  -------------------------------------------------------------------    -------------------

                         (clock clk_fpga_0 rise edge)
                                                     10.000    10.000 r  
    PS7_X0Y0             PS7                          0.000    10.000 r  project_1_i/ZYNQPS_0/inst/PS7_i/FCLKCLK[0]
                         net (fo=1, routed)           1.088    11.088    project_1_i/ZYNQPS_0/inst/FCLK_CLK_unbuffered[0]
    BUFGCTRL_X0Y16       BUFG (Prop_bufg_I_O)         0.091    11.179 r  project_1_i/ZYNQPS_0/inst/buffer_fclk_clk_0.FCLK_CLK_0_BUFG/O
                         net (fo=358, routed)         1.696    12.875    project_1_i/SMART_CON_0/inst/s00_entry_pipeline/s00_si_converter/inst/gen_axilite_conv.axilite_conv_inst/aclk
    SLICE_X27Y101        FDRE                                         r  project_1_i/SMART_CON_0/inst/s00_entry_pipeline/s00_si_converter/inst/gen_axilite_conv.axilite_conv_inst/b_cnt_reg[2]/C
                         clock pessimism              0.307    13.182    
                         clock uncertainty           -0.302    12.880    
    SLICE_X27Y101        FDRE (Setup_fdre_C_R)       -0.429    12.451    project_1_i/SMART_CON_0/inst/s00_entry_pipeline/s00_si_converter/inst/gen_axilite_conv.axilite_conv_inst/b_cnt_reg[2]
  -------------------------------------------------------------------
                         required time                         12.451    
                         arrival time                          -8.187    
  -------------------------------------------------------------------
                         slack                                  4.264    

Slack (MET) :             4.264ns  (required time - arrival time)
  Source:                 project_1_i/SMART_CON_0/inst/s00_entry_pipeline/s00_si_converter/inst/gen_axilite_conv.axilite_conv_inst/b_cnt_reg[8]/C
                            (rising edge-triggered cell FDRE clocked by clk_fpga_0  {rise@0.000ns fall@5.000ns period=10.000ns})
  Destination:            project_1_i/SMART_CON_0/inst/s00_entry_pipeline/s00_si_converter/inst/gen_axilite_conv.axilite_conv_inst/b_cnt_reg[6]/R
                            (rising edge-triggered cell FDRE clocked by clk_fpga_0  {rise@0.000ns fall@5.000ns period=10.000ns})
  Path Group:             clk_fpga_0
  Path Type:              Setup (Max at Slow Process Corner)
  Requirement:            10.000ns  (clk_fpga_0 rise@10.000ns - clk_fpga_0 rise@0.000ns)
  Data Path Delay:        5.005ns  (logic 1.485ns (29.669%)  route 3.520ns (70.331%))
  Logic Levels:           5  (CARRY4=1 LUT2=1 LUT4=1 LUT6=2)
  Clock Path Skew:        0.000ns (DCD - SCD + CPR)
    Destination Clock Delay (DCD):    2.875ns = ( 12.875 - 10.000 ) 
    Source Clock Delay      (SCD):    3.182ns
    Clock Pessimism Removal (CPR):    0.307ns
  Clock Uncertainty:      0.302ns  ((TSJ^2 + TIJ^2)^1/2 + DJ) / 2 + PE
    Total System Jitter     (TSJ):    0.071ns
    Total Input Jitter      (TIJ):    0.600ns
    Discrete Jitter          (DJ):    0.000ns
    Phase Error              (PE):    0.000ns

    Location             Delay type                Incr(ns)  Path(ns)    Netlist Resource(s)
  -------------------------------------------------------------------    -------------------
                         (clock clk_fpga_0 rise edge)
                                                      0.000     0.000 r  
    PS7_X0Y0             PS7                          0.000     0.000 r  project_1_i/ZYNQPS_0/inst/PS7_i/FCLKCLK[0]
                         net (fo=1, routed)           1.193     1.193    project_1_i/ZYNQPS_0/inst/FCLK_CLK_unbuffered[0]
    BUFGCTRL_X0Y16       BUFG (Prop_bufg_I_O)         0.101     1.294 r  project_1_i/ZYNQPS_0/inst/buffer_fclk_clk_0.FCLK_CLK_0_BUFG/O
                         net (fo=358, routed)         1.888     3.182    project_1_i/SMART_CON_0/inst/s00_entry_pipeline/s00_si_converter/inst/gen_axilite_conv.axilite_conv_inst/aclk
    SLICE_X27Y101        FDRE                                         r  project_1_i/SMART_CON_0/inst/s00_entry_pipeline/s00_si_converter/inst/gen_axilite_conv.axilite_conv_inst/b_cnt_reg[8]/C
  -------------------------------------------------------------------    -------------------
    SLICE_X27Y101        FDRE (Prop_fdre_C_Q)         0.419     3.601 r  project_1_i/SMART_CON_0/inst/s00_entry_pipeline/s00_si_converter/inst/gen_axilite_conv.axilite_conv_inst/b_cnt_reg[8]/Q
                         net (fo=4, routed)           0.595     4.196    project_1_i/SMART_CON_0/inst/s00_entry_pipeline/s00_si_converter/inst/gen_axilite_conv.axilite_conv_inst/b_cnt_reg[8]
    SLICE_X26Y99         LUT2 (Prop_lut2_I0_O)        0.296     4.492 r  project_1_i/SMART_CON_0/inst/s00_entry_pipeline/s00_si_converter/inst/gen_axilite_conv.axilite_conv_inst/m_axi_bready_i1_carry_i_5/O
                         net (fo=1, routed)           0.989     5.481    project_1_i/SMART_CON_0/inst/s00_entry_pipeline/s00_si_converter/inst/gen_axilite_conv.axilite_conv_inst/m_axi_bready_i1_carry_i_5_n_0
    SLICE_X27Y100        LUT6 (Prop_lut6_I0_O)        0.124     5.605 r  project_1_i/SMART_CON_0/inst/s00_entry_pipeline/s00_si_converter/inst/gen_axilite_conv.axilite_conv_inst/m_axi_bready_i1_carry_i_2/O
                         net (fo=1, routed)           0.000     5.605    project_1_i/SMART_CON_0/inst/s00_entry_pipeline/s00_si_converter/inst/gen_axilite_conv.axilite_conv_inst/m_axi_bready_i1_carry_i_2_n_0
    SLICE_X27Y100        CARRY4 (Prop_carry4_S[2]_CO[3])
                                                      0.398     6.003 r  project_1_i/SMART_CON_0/inst/s00_entry_pipeline/s00_si_converter/inst/gen_axilite_conv.axilite_conv_inst/m_axi_bready_i1_carry/CO[3]
                         net (fo=1, routed)           0.771     6.774    project_1_i/SMART_CON_0/inst/s00_entry_pipeline/s00_si_converter/inst/gen_axilite_conv.axilite_conv_inst/m_axi_bready_i142_in
    SLICE_X28Y98         LUT6 (Prop_lut6_I0_O)        0.124     6.898 f  project_1_i/SMART_CON_0/inst/s00_entry_pipeline/s00_si_converter/inst/gen_axilite_conv.axilite_conv_inst/s_axi_bvalid_i_i_2/O
                         net (fo=3, routed)           0.458     7.356    project_1_i/SMART_CON_0/inst/s00_entry_pipeline/s00_si_converter/inst/gen_axilite_conv.axilite_conv_inst/s_axi_bvalid_i_i_2_n_0
    SLICE_X28Y98         LUT4 (Prop_lut4_I1_O)        0.124     7.480 r  project_1_i/SMART_CON_0/inst/s00_entry_pipeline/s00_si_converter/inst/gen_axilite_conv.axilite_conv_inst/b_cnt[8]_i_1/O
                         net (fo=9, routed)           0.707     8.187    project_1_i/SMART_CON_0/inst/s00_entry_pipeline/s00_si_converter/inst/gen_axilite_conv.axilite_conv_inst/b_cnt[8]_i_1_n_0
    SLICE_X27Y101        FDRE                                         r  project_1_i/SMART_CON_0/inst/s00_entry_pipeline/s00_si_converter/inst/gen_axilite_conv.axilite_conv_inst/b_cnt_reg[6]/R
  -------------------------------------------------------------------    -------------------

                         (clock clk_fpga_0 rise edge)
                                                     10.000    10.000 r  
    PS7_X0Y0             PS7                          0.000    10.000 r  project_1_i/ZYNQPS_0/inst/PS7_i/FCLKCLK[0]
                         net (fo=1, routed)           1.088    11.088    project_1_i/ZYNQPS_0/inst/FCLK_CLK_unbuffered[0]
    BUFGCTRL_X0Y16       BUFG (Prop_bufg_I_O)         0.091    11.179 r  project_1_i/ZYNQPS_0/inst/buffer_fclk_clk_0.FCLK_CLK_0_BUFG/O
                         net (fo=358, routed)         1.696    12.875    project_1_i/SMART_CON_0/inst/s00_entry_pipeline/s00_si_converter/inst/gen_axilite_conv.axilite_conv_inst/aclk
    SLICE_X27Y101        FDRE                                         r  project_1_i/SMART_CON_0/inst/s00_entry_pipeline/s00_si_converter/inst/gen_axilite_conv.axilite_conv_inst/b_cnt_reg[6]/C
                         clock pessimism              0.307    13.182    
                         clock uncertainty           -0.302    12.880    
    SLICE_X27Y101        FDRE (Setup_fdre_C_R)       -0.429    12.451    project_1_i/SMART_CON_0/inst/s00_entry_pipeline/s00_si_converter/inst/gen_axilite_conv.axilite_conv_inst/b_cnt_reg[6]
  -------------------------------------------------------------------
                         required time                         12.451    
                         arrival time                          -8.187    
  -------------------------------------------------------------------
                         slack                                  4.264    

Slack (MET) :             4.264ns  (required time - arrival time)
  Source:                 project_1_i/SMART_CON_0/inst/s00_entry_pipeline/s00_si_converter/inst/gen_axilite_conv.axilite_conv_inst/b_cnt_reg[8]/C
                            (rising edge-triggered cell FDRE clocked by clk_fpga_0  {rise@0.000ns fall@5.000ns period=10.000ns})
  Destination:            project_1_i/SMART_CON_0/inst/s00_entry_pipeline/s00_si_converter/inst/gen_axilite_conv.axilite_conv_inst/b_cnt_reg[7]/R
                            (rising edge-triggered cell FDRE clocked by clk_fpga_0  {rise@0.000ns fall@5.000ns period=10.000ns})
  Path Group:             clk_fpga_0
  Path Type:              Setup (Max at Slow Process Corner)
  Requirement:            10.000ns  (clk_fpga_0 rise@10.000ns - clk_fpga_0 rise@0.000ns)
  Data Path Delay:        5.005ns  (logic 1.485ns (29.669%)  route 3.520ns (70.331%))
  Logic Levels:           5  (CARRY4=1 LUT2=1 LUT4=1 LUT6=2)
  Clock Path Skew:        0.000ns (DCD - SCD + CPR)
    Destination Clock Delay (DCD):    2.875ns = ( 12.875 - 10.000 ) 
    Source Clock Delay      (SCD):    3.182ns
    Clock Pessimism Removal (CPR):    0.307ns
  Clock Uncertainty:      0.302ns  ((TSJ^2 + TIJ^2)^1/2 + DJ) / 2 + PE
    Total System Jitter     (TSJ):    0.071ns
    Total Input Jitter      (TIJ):    0.600ns
    Discrete Jitter          (DJ):    0.000ns
    Phase Error              (PE):    0.000ns

    Location             Delay type                Incr(ns)  Path(ns)    Netlist Resource(s)
  -------------------------------------------------------------------    -------------------
                         (clock clk_fpga_0 rise edge)
                                                      0.000     0.000 r  
    PS7_X0Y0             PS7                          0.000     0.000 r  project_1_i/ZYNQPS_0/inst/PS7_i/FCLKCLK[0]
                         net (fo=1, routed)           1.193     1.193    project_1_i/ZYNQPS_0/inst/FCLK_CLK_unbuffered[0]
    BUFGCTRL_X0Y16       BUFG (Prop_bufg_I_O)         0.101     1.294 r  project_1_i/ZYNQPS_0/inst/buffer_fclk_clk_0.FCLK_CLK_0_BUFG/O
                         net (fo=358, routed)         1.888     3.182    project_1_i/SMART_CON_0/inst/s00_entry_pipeline/s00_si_converter/inst/gen_axilite_conv.axilite_conv_inst/aclk
    SLICE_X27Y101        FDRE                                         r  project_1_i/SMART_CON_0/inst/s00_entry_pipeline/s00_si_converter/inst/gen_axilite_conv.axilite_conv_inst/b_cnt_reg[8]/C
  -------------------------------------------------------------------    -------------------
    SLICE_X27Y101        FDRE (Prop_fdre_C_Q)         0.419     3.601 r  project_1_i/SMART_CON_0/inst/s00_entry_pipeline/s00_si_converter/inst/gen_axilite_conv.axilite_conv_inst/b_cnt_reg[8]/Q
                         net (fo=4, routed)           0.595     4.196    project_1_i/SMART_CON_0/inst/s00_entry_pipeline/s00_si_converter/inst/gen_axilite_conv.axilite_conv_inst/b_cnt_reg[8]
    SLICE_X26Y99         LUT2 (Prop_lut2_I0_O)        0.296     4.492 r  project_1_i/SMART_CON_0/inst/s00_entry_pipeline/s00_si_converter/inst/gen_axilite_conv.axilite_conv_inst/m_axi_bready_i1_carry_i_5/O
                         net (fo=1, routed)           0.989     5.481    project_1_i/SMART_CON_0/inst/s00_entry_pipeline/s00_si_converter/inst/gen_axilite_conv.axilite_conv_inst/m_axi_bready_i1_carry_i_5_n_0
    SLICE_X27Y100        LUT6 (Prop_lut6_I0_O)        0.124     5.605 r  project_1_i/SMART_CON_0/inst/s00_entry_pipeline/s00_si_converter/inst/gen_axilite_conv.axilite_conv_inst/m_axi_bready_i1_carry_i_2/O
                         net (fo=1, routed)           0.000     5.605    project_1_i/SMART_CON_0/inst/s00_entry_pipeline/s00_si_converter/inst/gen_axilite_conv.axilite_conv_inst/m_axi_bready_i1_carry_i_2_n_0
    SLICE_X27Y100        CARRY4 (Prop_carry4_S[2]_CO[3])
                                                      0.398     6.003 r  project_1_i/SMART_CON_0/inst/s00_entry_pipeline/s00_si_converter/inst/gen_axilite_conv.axilite_conv_inst/m_axi_bready_i1_carry/CO[3]
                         net (fo=1, routed)           0.771     6.774    project_1_i/SMART_CON_0/inst/s00_entry_pipeline/s00_si_converter/inst/gen_axilite_conv.axilite_conv_inst/m_axi_bready_i142_in
    SLICE_X28Y98         LUT6 (Prop_lut6_I0_O)        0.124     6.898 f  project_1_i/SMART_CON_0/inst/s00_entry_pipeline/s00_si_converter/inst/gen_axilite_conv.axilite_conv_inst/s_axi_bvalid_i_i_2/O
                         net (fo=3, routed)           0.458     7.356    project_1_i/SMART_CON_0/inst/s00_entry_pipeline/s00_si_converter/inst/gen_axilite_conv.axilite_conv_inst/s_axi_bvalid_i_i_2_n_0
    SLICE_X28Y98         LUT4 (Prop_lut4_I1_O)        0.124     7.480 r  project_1_i/SMART_CON_0/inst/s00_entry_pipeline/s00_si_converter/inst/gen_axilite_conv.axilite_conv_inst/b_cnt[8]_i_1/O
                         net (fo=9, routed)           0.707     8.187    project_1_i/SMART_CON_0/inst/s00_entry_pipeline/s00_si_converter/inst/gen_axilite_conv.axilite_conv_inst/b_cnt[8]_i_1_n_0
    SLICE_X27Y101        FDRE                                         r  project_1_i/SMART_CON_0/inst/s00_entry_pipeline/s00_si_converter/inst/gen_axilite_conv.axilite_conv_inst/b_cnt_reg[7]/R
  -------------------------------------------------------------------    -------------------

                         (clock clk_fpga_0 rise edge)
                                                     10.000    10.000 r  
    PS7_X0Y0             PS7                          0.000    10.000 r  project_1_i/ZYNQPS_0/inst/PS7_i/FCLKCLK[0]
                         net (fo=1, routed)           1.088    11.088    project_1_i/ZYNQPS_0/inst/FCLK_CLK_unbuffered[0]
    BUFGCTRL_X0Y16       BUFG (Prop_bufg_I_O)         0.091    11.179 r  project_1_i/ZYNQPS_0/inst/buffer_fclk_clk_0.FCLK_CLK_0_BUFG/O
                         net (fo=358, routed)         1.696    12.875    project_1_i/SMART_CON_0/inst/s00_entry_pipeline/s00_si_converter/inst/gen_axilite_conv.axilite_conv_inst/aclk
    SLICE_X27Y101        FDRE                                         r  project_1_i/SMART_CON_0/inst/s00_entry_pipeline/s00_si_converter/inst/gen_axilite_conv.axilite_conv_inst/b_cnt_reg[7]/C
                         clock pessimism              0.307    13.182    
                         clock uncertainty           -0.302    12.880    
    SLICE_X27Y101        FDRE (Setup_fdre_C_R)       -0.429    12.451    project_1_i/SMART_CON_0/inst/s00_entry_pipeline/s00_si_converter/inst/gen_axilite_conv.axilite_conv_inst/b_cnt_reg[7]
  -------------------------------------------------------------------
                         required time                         12.451    
                         arrival time                          -8.187    
  -------------------------------------------------------------------
                         slack                                  4.264    

Slack (MET) :             4.264ns  (required time - arrival time)
  Source:                 project_1_i/SMART_CON_0/inst/s00_entry_pipeline/s00_si_converter/inst/gen_axilite_conv.axilite_conv_inst/b_cnt_reg[8]/C
                            (rising edge-triggered cell FDRE clocked by clk_fpga_0  {rise@0.000ns fall@5.000ns period=10.000ns})
  Destination:            project_1_i/SMART_CON_0/inst/s00_entry_pipeline/s00_si_converter/inst/gen_axilite_conv.axilite_conv_inst/b_cnt_reg[8]/R
                            (rising edge-triggered cell FDRE clocked by clk_fpga_0  {rise@0.000ns fall@5.000ns period=10.000ns})
  Path Group:             clk_fpga_0
  Path Type:              Setup (Max at Slow Process Corner)
  Requirement:            10.000ns  (clk_fpga_0 rise@10.000ns - clk_fpga_0 rise@0.000ns)
  Data Path Delay:        5.005ns  (logic 1.485ns (29.669%)  route 3.520ns (70.331%))
  Logic Levels:           5  (CARRY4=1 LUT2=1 LUT4=1 LUT6=2)
  Clock Path Skew:        0.000ns (DCD - SCD + CPR)
    Destination Clock Delay (DCD):    2.875ns = ( 12.875 - 10.000 ) 
    Source Clock Delay      (SCD):    3.182ns
    Clock Pessimism Removal (CPR):    0.307ns
  Clock Uncertainty:      0.302ns  ((TSJ^2 + TIJ^2)^1/2 + DJ) / 2 + PE
    Total System Jitter     (TSJ):    0.071ns
    Total Input Jitter      (TIJ):    0.600ns
    Discrete Jitter          (DJ):    0.000ns
    Phase Error              (PE):    0.000ns

    Location             Delay type                Incr(ns)  Path(ns)    Netlist Resource(s)
  -------------------------------------------------------------------    -------------------
                         (clock clk_fpga_0 rise edge)
                                                      0.000     0.000 r  
    PS7_X0Y0             PS7                          0.000     0.000 r  project_1_i/ZYNQPS_0/inst/PS7_i/FCLKCLK[0]
                         net (fo=1, routed)           1.193     1.193    project_1_i/ZYNQPS_0/inst/FCLK_CLK_unbuffered[0]
    BUFGCTRL_X0Y16       BUFG (Prop_bufg_I_O)         0.101     1.294 r  project_1_i/ZYNQPS_0/inst/buffer_fclk_clk_0.FCLK_CLK_0_BUFG/O
                         net (fo=358, routed)         1.888     3.182    project_1_i/SMART_CON_0/inst/s00_entry_pipeline/s00_si_converter/inst/gen_axilite_conv.axilite_conv_inst/aclk
    SLICE_X27Y101        FDRE                                         r  project_1_i/SMART_CON_0/inst/s00_entry_pipeline/s00_si_converter/inst/gen_axilite_conv.axilite_conv_inst/b_cnt_reg[8]/C
  -------------------------------------------------------------------    -------------------
    SLICE_X27Y101        FDRE (Prop_fdre_C_Q)         0.419     3.601 r  project_1_i/SMART_CON_0/inst/s00_entry_pipeline/s00_si_converter/inst/gen_axilite_conv.axilite_conv_inst/b_cnt_reg[8]/Q
                         net (fo=4, routed)           0.595     4.196    project_1_i/SMART_CON_0/inst/s00_entry_pipeline/s00_si_converter/inst/gen_axilite_conv.axilite_conv_inst/b_cnt_reg[8]
    SLICE_X26Y99         LUT2 (Prop_lut2_I0_O)        0.296     4.492 r  project_1_i/SMART_CON_0/inst/s00_entry_pipeline/s00_si_converter/inst/gen_axilite_conv.axilite_conv_inst/m_axi_bready_i1_carry_i_5/O
                         net (fo=1, routed)           0.989     5.481    project_1_i/SMART_CON_0/inst/s00_entry_pipeline/s00_si_converter/inst/gen_axilite_conv.axilite_conv_inst/m_axi_bready_i1_carry_i_5_n_0
    SLICE_X27Y100        LUT6 (Prop_lut6_I0_O)        0.124     5.605 r  project_1_i/SMART_CON_0/inst/s00_entry_pipeline/s00_si_converter/inst/gen_axilite_conv.axilite_conv_inst/m_axi_bready_i1_carry_i_2/O
                         net (fo=1, routed)           0.000     5.605    project_1_i/SMART_CON_0/inst/s00_entry_pipeline/s00_si_converter/inst/gen_axilite_conv.axilite_conv_inst/m_axi_bready_i1_carry_i_2_n_0
    SLICE_X27Y100        CARRY4 (Prop_carry4_S[2]_CO[3])
                                                      0.398     6.003 r  project_1_i/SMART_CON_0/inst/s00_entry_pipeline/s00_si_converter/inst/gen_axilite_conv.axilite_conv_inst/m_axi_bready_i1_carry/CO[3]
                         net (fo=1, routed)           0.771     6.774    project_1_i/SMART_CON_0/inst/s00_entry_pipeline/s00_si_converter/inst/gen_axilite_conv.axilite_conv_inst/m_axi_bready_i142_in
    SLICE_X28Y98         LUT6 (Prop_lut6_I0_O)        0.124     6.898 f  project_1_i/SMART_CON_0/inst/s00_entry_pipeline/s00_si_converter/inst/gen_axilite_conv.axilite_conv_inst/s_axi_bvalid_i_i_2/O
                         net (fo=3, routed)           0.458     7.356    project_1_i/SMART_CON_0/inst/s00_entry_pipeline/s00_si_converter/inst/gen_axilite_conv.axilite_conv_inst/s_axi_bvalid_i_i_2_n_0
    SLICE_X28Y98         LUT4 (Prop_lut4_I1_O)        0.124     7.480 r  project_1_i/SMART_CON_0/inst/s00_entry_pipeline/s00_si_converter/inst/gen_axilite_conv.axilite_conv_inst/b_cnt[8]_i_1/O
                         net (fo=9, routed)           0.707     8.187    project_1_i/SMART_CON_0/inst/s00_entry_pipeline/s00_si_converter/inst/gen_axilite_conv.axilite_conv_inst/b_cnt[8]_i_1_n_0
    SLICE_X27Y101        FDRE                                         r  project_1_i/SMART_CON_0/inst/s00_entry_pipeline/s00_si_converter/inst/gen_axilite_conv.axilite_conv_inst/b_cnt_reg[8]/R
  -------------------------------------------------------------------    -------------------

                         (clock clk_fpga_0 rise edge)
                                                     10.000    10.000 r  
    PS7_X0Y0             PS7                          0.000    10.000 r  project_1_i/ZYNQPS_0/inst/PS7_i/FCLKCLK[0]
                         net (fo=1, routed)           1.088    11.088    project_1_i/ZYNQPS_0/inst/FCLK_CLK_unbuffered[0]
    BUFGCTRL_X0Y16       BUFG (Prop_bufg_I_O)         0.091    11.179 r  project_1_i/ZYNQPS_0/inst/buffer_fclk_clk_0.FCLK_CLK_0_BUFG/O
                         net (fo=358, routed)         1.696    12.875    project_1_i/SMART_CON_0/inst/s00_entry_pipeline/s00_si_converter/inst/gen_axilite_conv.axilite_conv_inst/aclk
    SLICE_X27Y101        FDRE                                         r  project_1_i/SMART_CON_0/inst/s00_entry_pipeline/s00_si_converter/inst/gen_axilite_conv.axilite_conv_inst/b_cnt_reg[8]/C
                         clock pessimism              0.307    13.182    
                         clock uncertainty           -0.302    12.880    
    SLICE_X27Y101        FDRE (Setup_fdre_C_R)       -0.429    12.451    project_1_i/SMART_CON_0/inst/s00_entry_pipeline/s00_si_converter/inst/gen_axilite_conv.axilite_conv_inst/b_cnt_reg[8]
  -------------------------------------------------------------------
                         required time                         12.451    
                         arrival time                          -8.187    
  -------------------------------------------------------------------
                         slack                                  4.264    

Slack (MET) :             4.292ns  (required time - arrival time)
  Source:                 project_1_i/ZYNQPS_0/inst/PS7_i/MAXIGP0ACLK
                            (rising edge-triggered cell PS7 clocked by clk_fpga_0  {rise@0.000ns fall@5.000ns period=10.000ns})
  Destination:            project_1_i/SMART_CON_0/inst/s00_entry_pipeline/s00_si_converter/inst/gen_axilite_conv.axilite_conv_inst/aw_addr_reg[2]/CE
                            (rising edge-triggered cell FDRE clocked by clk_fpga_0  {rise@0.000ns fall@5.000ns period=10.000ns})
  Path Group:             clk_fpga_0
  Path Type:              Setup (Max at Slow Process Corner)
  Requirement:            10.000ns  (clk_fpga_0 rise@10.000ns - clk_fpga_0 rise@0.000ns)
  Data Path Delay:        5.103ns  (logic 2.050ns (40.171%)  route 3.053ns (59.829%))
  Logic Levels:           4  (LUT2=1 LUT3=1 LUT4=1 LUT6=1)
  Clock Path Skew:        -0.098ns (DCD - SCD + CPR)
    Destination Clock Delay (DCD):    2.704ns = ( 12.704 - 10.000 ) 
    Source Clock Delay      (SCD):    3.031ns
    Clock Pessimism Removal (CPR):    0.229ns
  Clock Uncertainty:      0.302ns  ((TSJ^2 + TIJ^2)^1/2 + DJ) / 2 + PE
    Total System Jitter     (TSJ):    0.071ns
    Total Input Jitter      (TIJ):    0.600ns
    Discrete Jitter          (DJ):    0.000ns
    Phase Error              (PE):    0.000ns

    Location             Delay type                Incr(ns)  Path(ns)    Netlist Resource(s)
  -------------------------------------------------------------------    -------------------
                         (clock clk_fpga_0 rise edge)
                                                      0.000     0.000 r  
    PS7_X0Y0             PS7                          0.000     0.000 r  project_1_i/ZYNQPS_0/inst/PS7_i/FCLKCLK[0]
                         net (fo=1, routed)           1.193     1.193    project_1_i/ZYNQPS_0/inst/FCLK_CLK_unbuffered[0]
    BUFGCTRL_X0Y16       BUFG (Prop_bufg_I_O)         0.101     1.294 r  project_1_i/ZYNQPS_0/inst/buffer_fclk_clk_0.FCLK_CLK_0_BUFG/O
                         net (fo=358, routed)         1.737     3.031    project_1_i/ZYNQPS_0/inst/M_AXI_GP0_ACLK
    PS7_X0Y0             PS7                                          r  project_1_i/ZYNQPS_0/inst/PS7_i/MAXIGP0ACLK
  -------------------------------------------------------------------    -------------------
    PS7_X0Y0             PS7 (Prop_ps7_MAXIGP0ACLK_MAXIGP0AWVALID)
                                                      1.351     4.382 r  project_1_i/ZYNQPS_0/inst/PS7_i/MAXIGP0AWVALID
                         net (fo=4, routed)           0.977     5.359    project_1_i/SMART_CON_0/inst/s00_entry_pipeline/s00_mmu/inst/s_axi_awvalid
    SLICE_X29Y95         LUT3 (Prop_lut3_I0_O)        0.124     5.483 r  project_1_i/SMART_CON_0/inst/s00_entry_pipeline/s00_mmu/inst/m_axi_awvalid_INST_0/O
                         net (fo=3, routed)           0.414     5.897    project_1_i/SMART_CON_0/inst/s00_entry_pipeline/s00_transaction_regulator/inst/gen_endpoint.gen_w_singleorder.w_singleorder/s_axi_awvalid
    SLICE_X29Y96         LUT2 (Prop_lut2_I0_O)        0.119     6.016 r  project_1_i/SMART_CON_0/inst/s00_entry_pipeline/s00_transaction_regulator/inst/gen_endpoint.gen_w_singleorder.w_singleorder/m_axi_awvalid_INST_0/O
                         net (fo=3, routed)           0.681     6.697    project_1_i/SMART_CON_0/inst/s00_entry_pipeline/s00_si_converter/inst/gen_axilite_conv.axilite_conv_inst/s_axi_awvalid
    SLICE_X28Y96         LUT4 (Prop_lut4_I0_O)        0.332     7.029 r  project_1_i/SMART_CON_0/inst/s00_entry_pipeline/s00_si_converter/inst/gen_axilite_conv.axilite_conv_inst/aw_addr[8]_i_4/O
                         net (fo=5, routed)           0.477     7.506    project_1_i/SMART_CON_0/inst/s00_entry_pipeline/s00_si_converter/inst/gen_axilite_conv.axilite_conv_inst/aw_incr_1
    SLICE_X26Y96         LUT6 (Prop_lut6_I1_O)        0.124     7.630 r  project_1_i/SMART_CON_0/inst/s00_entry_pipeline/s00_si_converter/inst/gen_axilite_conv.axilite_conv_inst/aw_addr[8]_i_1/O
                         net (fo=9, routed)           0.504     8.134    project_1_i/SMART_CON_0/inst/s00_entry_pipeline/s00_si_converter/inst/gen_axilite_conv.axilite_conv_inst/aw_addr[8]_i_1_n_0
    SLICE_X29Y94         FDRE                                         r  project_1_i/SMART_CON_0/inst/s00_entry_pipeline/s00_si_converter/inst/gen_axilite_conv.axilite_conv_inst/aw_addr_reg[2]/CE
  -------------------------------------------------------------------    -------------------

                         (clock clk_fpga_0 rise edge)
                                                     10.000    10.000 r  
    PS7_X0Y0             PS7                          0.000    10.000 r  project_1_i/ZYNQPS_0/inst/PS7_i/FCLKCLK[0]
                         net (fo=1, routed)           1.088    11.088    project_1_i/ZYNQPS_0/inst/FCLK_CLK_unbuffered[0]
    BUFGCTRL_X0Y16       BUFG (Prop_bufg_I_O)         0.091    11.179 r  project_1_i/ZYNQPS_0/inst/buffer_fclk_clk_0.FCLK_CLK_0_BUFG/O
                         net (fo=358, routed)         1.525    12.704    project_1_i/SMART_CON_0/inst/s00_entry_pipeline/s00_si_converter/inst/gen_axilite_conv.axilite_conv_inst/aclk
    SLICE_X29Y94         FDRE                                         r  project_1_i/SMART_CON_0/inst/s00_entry_pipeline/s00_si_converter/inst/gen_axilite_conv.axilite_conv_inst/aw_addr_reg[2]/C
                         clock pessimism              0.229    12.933    
                         clock uncertainty           -0.302    12.631    
    SLICE_X29Y94         FDRE (Setup_fdre_C_CE)      -0.205    12.426    project_1_i/SMART_CON_0/inst/s00_entry_pipeline/s00_si_converter/inst/gen_axilite_conv.axilite_conv_inst/aw_addr_reg[2]
  -------------------------------------------------------------------
                         required time                         12.426    
                         arrival time                          -8.134    
  -------------------------------------------------------------------
                         slack                                  4.292    





Min Delay Paths
--------------------------------------------------------------------------------------
Slack (MET) :             0.106ns  (arrival time - required time)
  Source:                 project_1_i/AXI_GPIO_0/U0/gpio_core_1/Not_Dual.ALLOUT_ND.READ_REG_GEN[2].reg1_reg[30]/C
                            (rising edge-triggered cell FDRE clocked by clk_fpga_0  {rise@0.000ns fall@5.000ns period=10.000ns})
  Destination:            project_1_i/AXI_GPIO_0/U0/ip2bus_data_i_D1_reg[30]/D
                            (rising edge-triggered cell FDRE clocked by clk_fpga_0  {rise@0.000ns fall@5.000ns period=10.000ns})
  Path Group:             clk_fpga_0
  Path Type:              Hold (Min at Fast Process Corner)
  Requirement:            0.000ns  (clk_fpga_0 rise@0.000ns - clk_fpga_0 rise@0.000ns)
  Data Path Delay:        0.240ns  (logic 0.186ns (77.466%)  route 0.054ns (22.534%))
  Logic Levels:           1  (LUT6=1)
  Clock Path Skew:        0.013ns (DCD - SCD - CPR)
    Destination Clock Delay (DCD):    1.209ns
    Source Clock Delay      (SCD):    0.911ns
    Clock Pessimism Removal (CPR):    0.285ns

    Location             Delay type                Incr(ns)  Path(ns)    Netlist Resource(s)
  -------------------------------------------------------------------    -------------------
                         (clock clk_fpga_0 rise edge)
                                                      0.000     0.000 r  
    PS7_X0Y0             PS7                          0.000     0.000 r  project_1_i/ZYNQPS_0/inst/PS7_i/FCLKCLK[0]
                         net (fo=1, routed)           0.310     0.310    project_1_i/ZYNQPS_0/inst/FCLK_CLK_unbuffered[0]
    BUFGCTRL_X0Y16       BUFG (Prop_bufg_I_O)         0.026     0.336 r  project_1_i/ZYNQPS_0/inst/buffer_fclk_clk_0.FCLK_CLK_0_BUFG/O
                         net (fo=358, routed)         0.575     0.911    project_1_i/AXI_GPIO_0/U0/gpio_core_1/s_axi_aclk
    SLICE_X31Y91         FDRE                                         r  project_1_i/AXI_GPIO_0/U0/gpio_core_1/Not_Dual.ALLOUT_ND.READ_REG_GEN[2].reg1_reg[30]/C
  -------------------------------------------------------------------    -------------------
    SLICE_X31Y91         FDRE (Prop_fdre_C_Q)         0.141     1.052 r  project_1_i/AXI_GPIO_0/U0/gpio_core_1/Not_Dual.ALLOUT_ND.READ_REG_GEN[2].reg1_reg[30]/Q
                         net (fo=1, routed)           0.054     1.106    project_1_i/AXI_GPIO_0/U0/gpio_core_1/reg1[30]
    SLICE_X30Y91         LUT6 (Prop_lut6_I2_O)        0.045     1.151 r  project_1_i/AXI_GPIO_0/U0/gpio_core_1/ip2bus_data_i_D1[30]_i_1/O
                         net (fo=1, routed)           0.000     1.151    project_1_i/AXI_GPIO_0/U0/ip2bus_data[30]
    SLICE_X30Y91         FDRE                                         r  project_1_i/AXI_GPIO_0/U0/ip2bus_data_i_D1_reg[30]/D
  -------------------------------------------------------------------    -------------------

                         (clock clk_fpga_0 rise edge)
                                                      0.000     0.000 r  
    PS7_X0Y0             PS7                          0.000     0.000 r  project_1_i/ZYNQPS_0/inst/PS7_i/FCLKCLK[0]
                         net (fo=1, routed)           0.337     0.337    project_1_i/ZYNQPS_0/inst/FCLK_CLK_unbuffered[0]
    BUFGCTRL_X0Y16       BUFG (Prop_bufg_I_O)         0.029     0.366 r  project_1_i/ZYNQPS_0/inst/buffer_fclk_clk_0.FCLK_CLK_0_BUFG/O
                         net (fo=358, routed)         0.843     1.209    project_1_i/AXI_GPIO_0/U0/s_axi_aclk
    SLICE_X30Y91         FDRE                                         r  project_1_i/AXI_GPIO_0/U0/ip2bus_data_i_D1_reg[30]/C
                         clock pessimism             -0.285     0.924    
    SLICE_X30Y91         FDRE (Hold_fdre_C_D)         0.121     1.045    project_1_i/AXI_GPIO_0/U0/ip2bus_data_i_D1_reg[30]
  -------------------------------------------------------------------
                         required time                         -1.045    
                         arrival time                           1.151    
  -------------------------------------------------------------------
                         slack                                  0.106    

Slack (MET) :             0.122ns  (arrival time - required time)
  Source:                 project_1_i/SMART_CON_0/inst/clk_map/psr_aclk/U0/EXT_LPF/ACTIVE_LOW_AUX.ACT_LO_AUX/GENERATE_LEVEL_P_S_CDC.SINGLE_BIT.CROSS_PLEVEL_IN2SCNDRY_IN_cdc_to/C
                            (rising edge-triggered cell FDRE clocked by clk_fpga_0  {rise@0.000ns fall@5.000ns period=10.000ns})
  Destination:            project_1_i/SMART_CON_0/inst/clk_map/psr_aclk/U0/EXT_LPF/ACTIVE_LOW_AUX.ACT_LO_AUX/GENERATE_LEVEL_P_S_CDC.SINGLE_BIT.CROSS_PLEVEL_IN2SCNDRY_s_level_out_d2/D
                            (rising edge-triggered cell FDRE clocked by clk_fpga_0  {rise@0.000ns fall@5.000ns period=10.000ns})
  Path Group:             clk_fpga_0
  Path Type:              Hold (Min at Fast Process Corner)
  Requirement:            0.000ns  (clk_fpga_0 rise@0.000ns - clk_fpga_0 rise@0.000ns)
  Data Path Delay:        0.197ns  (logic 0.141ns (71.611%)  route 0.056ns (28.389%))
  Logic Levels:           0  
  Clock Path Skew:        0.000ns (DCD - SCD - CPR)
    Destination Clock Delay (DCD):    1.189ns
    Source Clock Delay      (SCD):    0.892ns
    Clock Pessimism Removal (CPR):    0.297ns

    Location             Delay type                Incr(ns)  Path(ns)    Netlist Resource(s)
  -------------------------------------------------------------------    -------------------
                         (clock clk_fpga_0 rise edge)
                                                      0.000     0.000 r  
    PS7_X0Y0             PS7                          0.000     0.000 r  project_1_i/ZYNQPS_0/inst/PS7_i/FCLKCLK[0]
                         net (fo=1, routed)           0.310     0.310    project_1_i/ZYNQPS_0/inst/FCLK_CLK_unbuffered[0]
    BUFGCTRL_X0Y16       BUFG (Prop_bufg_I_O)         0.026     0.336 r  project_1_i/ZYNQPS_0/inst/buffer_fclk_clk_0.FCLK_CLK_0_BUFG/O
                         net (fo=358, routed)         0.556     0.892    project_1_i/SMART_CON_0/inst/clk_map/psr_aclk/U0/EXT_LPF/ACTIVE_LOW_AUX.ACT_LO_AUX/aclk
    SLICE_X33Y89         FDRE                                         r  project_1_i/SMART_CON_0/inst/clk_map/psr_aclk/U0/EXT_LPF/ACTIVE_LOW_AUX.ACT_LO_AUX/GENERATE_LEVEL_P_S_CDC.SINGLE_BIT.CROSS_PLEVEL_IN2SCNDRY_IN_cdc_to/C
  -------------------------------------------------------------------    -------------------
    SLICE_X33Y89         FDRE (Prop_fdre_C_Q)         0.141     1.033 r  project_1_i/SMART_CON_0/inst/clk_map/psr_aclk/U0/EXT_LPF/ACTIVE_LOW_AUX.ACT_LO_AUX/GENERATE_LEVEL_P_S_CDC.SINGLE_BIT.CROSS_PLEVEL_IN2SCNDRY_IN_cdc_to/Q
                         net (fo=1, routed)           0.056     1.088    project_1_i/SMART_CON_0/inst/clk_map/psr_aclk/U0/EXT_LPF/ACTIVE_LOW_AUX.ACT_LO_AUX/s_level_out_d1_cdc_to
    SLICE_X33Y89         FDRE                                         r  project_1_i/SMART_CON_0/inst/clk_map/psr_aclk/U0/EXT_LPF/ACTIVE_LOW_AUX.ACT_LO_AUX/GENERATE_LEVEL_P_S_CDC.SINGLE_BIT.CROSS_PLEVEL_IN2SCNDRY_s_level_out_d2/D
  -------------------------------------------------------------------    -------------------

                         (clock clk_fpga_0 rise edge)
                                                      0.000     0.000 r  
    PS7_X0Y0             PS7                          0.000     0.000 r  project_1_i/ZYNQPS_0/inst/PS7_i/FCLKCLK[0]
                         net (fo=1, routed)           0.337     0.337    project_1_i/ZYNQPS_0/inst/FCLK_CLK_unbuffered[0]
    BUFGCTRL_X0Y16       BUFG (Prop_bufg_I_O)         0.029     0.366 r  project_1_i/ZYNQPS_0/inst/buffer_fclk_clk_0.FCLK_CLK_0_BUFG/O
                         net (fo=358, routed)         0.823     1.189    project_1_i/SMART_CON_0/inst/clk_map/psr_aclk/U0/EXT_LPF/ACTIVE_LOW_AUX.ACT_LO_AUX/aclk
    SLICE_X33Y89         FDRE                                         r  project_1_i/SMART_CON_0/inst/clk_map/psr_aclk/U0/EXT_LPF/ACTIVE_LOW_AUX.ACT_LO_AUX/GENERATE_LEVEL_P_S_CDC.SINGLE_BIT.CROSS_PLEVEL_IN2SCNDRY_s_level_out_d2/C
                         clock pessimism             -0.297     0.892    
    SLICE_X33Y89         FDRE (Hold_fdre_C_D)         0.075     0.967    project_1_i/SMART_CON_0/inst/clk_map/psr_aclk/U0/EXT_LPF/ACTIVE_LOW_AUX.ACT_LO_AUX/GENERATE_LEVEL_P_S_CDC.SINGLE_BIT.CROSS_PLEVEL_IN2SCNDRY_s_level_out_d2
  -------------------------------------------------------------------
                         required time                         -0.967    
                         arrival time                           1.088    
  -------------------------------------------------------------------
                         slack                                  0.122    

Slack (MET) :             0.122ns  (arrival time - required time)
  Source:                 project_1_i/PROC_SYS_RESET_0/U0/EXT_LPF/ACTIVE_LOW_AUX.ACT_LO_AUX/GENERATE_LEVEL_P_S_CDC.SINGLE_BIT.CROSS_PLEVEL_IN2SCNDRY_IN_cdc_to/C
                            (rising edge-triggered cell FDRE clocked by clk_fpga_0  {rise@0.000ns fall@5.000ns period=10.000ns})
  Destination:            project_1_i/PROC_SYS_RESET_0/U0/EXT_LPF/ACTIVE_LOW_AUX.ACT_LO_AUX/GENERATE_LEVEL_P_S_CDC.SINGLE_BIT.CROSS_PLEVEL_IN2SCNDRY_s_level_out_d2/D
                            (rising edge-triggered cell FDRE clocked by clk_fpga_0  {rise@0.000ns fall@5.000ns period=10.000ns})
  Path Group:             clk_fpga_0
  Path Type:              Hold (Min at Fast Process Corner)
  Requirement:            0.000ns  (clk_fpga_0 rise@0.000ns - clk_fpga_0 rise@0.000ns)
  Data Path Delay:        0.197ns  (logic 0.141ns (71.611%)  route 0.056ns (28.389%))
  Logic Levels:           0  
  Clock Path Skew:        0.000ns (DCD - SCD - CPR)
    Destination Clock Delay (DCD):    1.206ns
    Source Clock Delay      (SCD):    0.909ns
    Clock Pessimism Removal (CPR):    0.297ns

    Location             Delay type                Incr(ns)  Path(ns)    Netlist Resource(s)
  -------------------------------------------------------------------    -------------------
                         (clock clk_fpga_0 rise edge)
                                                      0.000     0.000 r  
    PS7_X0Y0             PS7                          0.000     0.000 r  project_1_i/ZYNQPS_0/inst/PS7_i/FCLKCLK[0]
                         net (fo=1, routed)           0.310     0.310    project_1_i/ZYNQPS_0/inst/FCLK_CLK_unbuffered[0]
    BUFGCTRL_X0Y16       BUFG (Prop_bufg_I_O)         0.026     0.336 r  project_1_i/ZYNQPS_0/inst/buffer_fclk_clk_0.FCLK_CLK_0_BUFG/O
                         net (fo=358, routed)         0.573     0.909    project_1_i/PROC_SYS_RESET_0/U0/EXT_LPF/ACTIVE_LOW_AUX.ACT_LO_AUX/slowest_sync_clk
    SLICE_X31Y87         FDRE                                         r  project_1_i/PROC_SYS_RESET_0/U0/EXT_LPF/ACTIVE_LOW_AUX.ACT_LO_AUX/GENERATE_LEVEL_P_S_CDC.SINGLE_BIT.CROSS_PLEVEL_IN2SCNDRY_IN_cdc_to/C
  -------------------------------------------------------------------    -------------------
    SLICE_X31Y87         FDRE (Prop_fdre_C_Q)         0.141     1.050 r  project_1_i/PROC_SYS_RESET_0/U0/EXT_LPF/ACTIVE_LOW_AUX.ACT_LO_AUX/GENERATE_LEVEL_P_S_CDC.SINGLE_BIT.CROSS_PLEVEL_IN2SCNDRY_IN_cdc_to/Q
                         net (fo=1, routed)           0.056     1.105    project_1_i/PROC_SYS_RESET_0/U0/EXT_LPF/ACTIVE_LOW_AUX.ACT_LO_AUX/s_level_out_d1_cdc_to
    SLICE_X31Y87         FDRE                                         r  project_1_i/PROC_SYS_RESET_0/U0/EXT_LPF/ACTIVE_LOW_AUX.ACT_LO_AUX/GENERATE_LEVEL_P_S_CDC.SINGLE_BIT.CROSS_PLEVEL_IN2SCNDRY_s_level_out_d2/D
  -------------------------------------------------------------------    -------------------

                         (clock clk_fpga_0 rise edge)
                                                      0.000     0.000 r  
    PS7_X0Y0             PS7                          0.000     0.000 r  project_1_i/ZYNQPS_0/inst/PS7_i/FCLKCLK[0]
                         net (fo=1, routed)           0.337     0.337    project_1_i/ZYNQPS_0/inst/FCLK_CLK_unbuffered[0]
    BUFGCTRL_X0Y16       BUFG (Prop_bufg_I_O)         0.029     0.366 r  project_1_i/ZYNQPS_0/inst/buffer_fclk_clk_0.FCLK_CLK_0_BUFG/O
                         net (fo=358, routed)         0.840     1.206    project_1_i/PROC_SYS_RESET_0/U0/EXT_LPF/ACTIVE_LOW_AUX.ACT_LO_AUX/slowest_sync_clk
    SLICE_X31Y87         FDRE                                         r  project_1_i/PROC_SYS_RESET_0/U0/EXT_LPF/ACTIVE_LOW_AUX.ACT_LO_AUX/GENERATE_LEVEL_P_S_CDC.SINGLE_BIT.CROSS_PLEVEL_IN2SCNDRY_s_level_out_d2/C
                         clock pessimism             -0.297     0.909    
    SLICE_X31Y87         FDRE (Hold_fdre_C_D)         0.075     0.984    project_1_i/PROC_SYS_RESET_0/U0/EXT_LPF/ACTIVE_LOW_AUX.ACT_LO_AUX/GENERATE_LEVEL_P_S_CDC.SINGLE_BIT.CROSS_PLEVEL_IN2SCNDRY_s_level_out_d2
  -------------------------------------------------------------------
                         required time                         -0.984    
                         arrival time                           1.105    
  -------------------------------------------------------------------
                         slack                                  0.122    

Slack (MET) :             0.130ns  (arrival time - required time)
  Source:                 project_1_i/PROC_SYS_RESET_0/U0/EXT_LPF/AUX_LPF[2].asr_lpf_reg[2]/C
                            (rising edge-triggered cell FDRE clocked by clk_fpga_0  {rise@0.000ns fall@5.000ns period=10.000ns})
  Destination:            project_1_i/PROC_SYS_RESET_0/U0/EXT_LPF/AUX_LPF[3].asr_lpf_reg[3]/D
                            (rising edge-triggered cell FDRE clocked by clk_fpga_0  {rise@0.000ns fall@5.000ns period=10.000ns})
  Path Group:             clk_fpga_0
  Path Type:              Hold (Min at Fast Process Corner)
  Requirement:            0.000ns  (clk_fpga_0 rise@0.000ns - clk_fpga_0 rise@0.000ns)
  Data Path Delay:        0.208ns  (logic 0.141ns (67.788%)  route 0.067ns (32.212%))
  Logic Levels:           0  
  Clock Path Skew:        0.000ns (DCD - SCD - CPR)
    Destination Clock Delay (DCD):    1.206ns
    Source Clock Delay      (SCD):    0.909ns
    Clock Pessimism Removal (CPR):    0.297ns

    Location             Delay type                Incr(ns)  Path(ns)    Netlist Resource(s)
  -------------------------------------------------------------------    -------------------
                         (clock clk_fpga_0 rise edge)
                                                      0.000     0.000 r  
    PS7_X0Y0             PS7                          0.000     0.000 r  project_1_i/ZYNQPS_0/inst/PS7_i/FCLKCLK[0]
                         net (fo=1, routed)           0.310     0.310    project_1_i/ZYNQPS_0/inst/FCLK_CLK_unbuffered[0]
    BUFGCTRL_X0Y16       BUFG (Prop_bufg_I_O)         0.026     0.336 r  project_1_i/ZYNQPS_0/inst/buffer_fclk_clk_0.FCLK_CLK_0_BUFG/O
                         net (fo=358, routed)         0.573     0.909    project_1_i/PROC_SYS_RESET_0/U0/EXT_LPF/slowest_sync_clk
    SLICE_X31Y87         FDRE                                         r  project_1_i/PROC_SYS_RESET_0/U0/EXT_LPF/AUX_LPF[2].asr_lpf_reg[2]/C
  -------------------------------------------------------------------    -------------------
    SLICE_X31Y87         FDRE (Prop_fdre_C_Q)         0.141     1.050 r  project_1_i/PROC_SYS_RESET_0/U0/EXT_LPF/AUX_LPF[2].asr_lpf_reg[2]/Q
                         net (fo=2, routed)           0.067     1.117    project_1_i/PROC_SYS_RESET_0/U0/EXT_LPF/p_1_in
    SLICE_X31Y87         FDRE                                         r  project_1_i/PROC_SYS_RESET_0/U0/EXT_LPF/AUX_LPF[3].asr_lpf_reg[3]/D
  -------------------------------------------------------------------    -------------------

                         (clock clk_fpga_0 rise edge)
                                                      0.000     0.000 r  
    PS7_X0Y0             PS7                          0.000     0.000 r  project_1_i/ZYNQPS_0/inst/PS7_i/FCLKCLK[0]
                         net (fo=1, routed)           0.337     0.337    project_1_i/ZYNQPS_0/inst/FCLK_CLK_unbuffered[0]
    BUFGCTRL_X0Y16       BUFG (Prop_bufg_I_O)         0.029     0.366 r  project_1_i/ZYNQPS_0/inst/buffer_fclk_clk_0.FCLK_CLK_0_BUFG/O
                         net (fo=358, routed)         0.840     1.206    project_1_i/PROC_SYS_RESET_0/U0/EXT_LPF/slowest_sync_clk
    SLICE_X31Y87         FDRE                                         r  project_1_i/PROC_SYS_RESET_0/U0/EXT_LPF/AUX_LPF[3].asr_lpf_reg[3]/C
                         clock pessimism             -0.297     0.909    
    SLICE_X31Y87         FDRE (Hold_fdre_C_D)         0.078     0.987    project_1_i/PROC_SYS_RESET_0/U0/EXT_LPF/AUX_LPF[3].asr_lpf_reg[3]
  -------------------------------------------------------------------
                         required time                         -0.987    
                         arrival time                           1.117    
  -------------------------------------------------------------------
                         slack                                  0.130    

Slack (MET) :             0.141ns  (arrival time - required time)
  Source:                 project_1_i/AXI_GPIO_0/U0/gpio_core_1/Not_Dual.ALLOUT_ND.READ_REG_GEN[3].reg1_reg[31]/C
                            (rising edge-triggered cell FDRE clocked by clk_fpga_0  {rise@0.000ns fall@5.000ns period=10.000ns})
  Destination:            project_1_i/AXI_GPIO_0/U0/ip2bus_data_i_D1_reg[31]/D
                            (rising edge-triggered cell FDRE clocked by clk_fpga_0  {rise@0.000ns fall@5.000ns period=10.000ns})
  Path Group:             clk_fpga_0
  Path Type:              Hold (Min at Fast Process Corner)
  Requirement:            0.000ns  (clk_fpga_0 rise@0.000ns - clk_fpga_0 rise@0.000ns)
  Data Path Delay:        0.275ns  (logic 0.186ns (67.611%)  route 0.089ns (32.389%))
  Logic Levels:           1  (LUT6=1)
  Clock Path Skew:        0.013ns (DCD - SCD - CPR)
    Destination Clock Delay (DCD):    1.209ns
    Source Clock Delay      (SCD):    0.911ns
    Clock Pessimism Removal (CPR):    0.285ns

    Location             Delay type                Incr(ns)  Path(ns)    Netlist Resource(s)
  -------------------------------------------------------------------    -------------------
                         (clock clk_fpga_0 rise edge)
                                                      0.000     0.000 r  
    PS7_X0Y0             PS7                          0.000     0.000 r  project_1_i/ZYNQPS_0/inst/PS7_i/FCLKCLK[0]
                         net (fo=1, routed)           0.310     0.310    project_1_i/ZYNQPS_0/inst/FCLK_CLK_unbuffered[0]
    BUFGCTRL_X0Y16       BUFG (Prop_bufg_I_O)         0.026     0.336 r  project_1_i/ZYNQPS_0/inst/buffer_fclk_clk_0.FCLK_CLK_0_BUFG/O
                         net (fo=358, routed)         0.575     0.911    project_1_i/AXI_GPIO_0/U0/gpio_core_1/s_axi_aclk
    SLICE_X31Y91         FDRE                                         r  project_1_i/AXI_GPIO_0/U0/gpio_core_1/Not_Dual.ALLOUT_ND.READ_REG_GEN[3].reg1_reg[31]/C
  -------------------------------------------------------------------    -------------------
    SLICE_X31Y91         FDRE (Prop_fdre_C_Q)         0.141     1.052 r  project_1_i/AXI_GPIO_0/U0/gpio_core_1/Not_Dual.ALLOUT_ND.READ_REG_GEN[3].reg1_reg[31]/Q
                         net (fo=1, routed)           0.089     1.141    project_1_i/AXI_GPIO_0/U0/gpio_core_1/reg1[31]
    SLICE_X30Y91         LUT6 (Prop_lut6_I2_O)        0.045     1.186 r  project_1_i/AXI_GPIO_0/U0/gpio_core_1/ip2bus_data_i_D1[31]_i_1/O
                         net (fo=1, routed)           0.000     1.186    project_1_i/AXI_GPIO_0/U0/ip2bus_data[31]
    SLICE_X30Y91         FDRE                                         r  project_1_i/AXI_GPIO_0/U0/ip2bus_data_i_D1_reg[31]/D
  -------------------------------------------------------------------    -------------------

                         (clock clk_fpga_0 rise edge)
                                                      0.000     0.000 r  
    PS7_X0Y0             PS7                          0.000     0.000 r  project_1_i/ZYNQPS_0/inst/PS7_i/FCLKCLK[0]
                         net (fo=1, routed)           0.337     0.337    project_1_i/ZYNQPS_0/inst/FCLK_CLK_unbuffered[0]
    BUFGCTRL_X0Y16       BUFG (Prop_bufg_I_O)         0.029     0.366 r  project_1_i/ZYNQPS_0/inst/buffer_fclk_clk_0.FCLK_CLK_0_BUFG/O
                         net (fo=358, routed)         0.843     1.209    project_1_i/AXI_GPIO_0/U0/s_axi_aclk
    SLICE_X30Y91         FDRE                                         r  project_1_i/AXI_GPIO_0/U0/ip2bus_data_i_D1_reg[31]/C
                         clock pessimism             -0.285     0.924    
    SLICE_X30Y91         FDRE (Hold_fdre_C_D)         0.121     1.045    project_1_i/AXI_GPIO_0/U0/ip2bus_data_i_D1_reg[31]
  -------------------------------------------------------------------
                         required time                         -1.045    
                         arrival time                           1.186    
  -------------------------------------------------------------------
                         slack                                  0.141    

Slack (MET) :             0.143ns  (arrival time - required time)
  Source:                 project_1_i/SMART_CON_0/inst/s00_nodes/s00_ar_node/inst/inst_mi_handler/m_sc_areset_r_reg/C
                            (rising edge-triggered cell FDRE clocked by clk_fpga_0  {rise@0.000ns fall@5.000ns period=10.000ns})
  Destination:            project_1_i/SMART_CON_0/inst/s00_nodes/s00_ar_node/inst/inst_mi_handler/gen_normal_area.inst_fifo_node_payld/gen_reg_fifo.inst_reg_fifo/gen_single_rank.empty_r_reg/D
                            (rising edge-triggered cell FDRE clocked by clk_fpga_0  {rise@0.000ns fall@5.000ns period=10.000ns})
  Path Group:             clk_fpga_0
  Path Type:              Hold (Min at Fast Process Corner)
  Requirement:            0.000ns  (clk_fpga_0 rise@0.000ns - clk_fpga_0 rise@0.000ns)
  Data Path Delay:        0.277ns  (logic 0.186ns (67.123%)  route 0.091ns (32.877%))
  Logic Levels:           1  (LUT6=1)
  Clock Path Skew:        0.013ns (DCD - SCD - CPR)
    Destination Clock Delay (DCD):    1.190ns
    Source Clock Delay      (SCD):    0.893ns
    Clock Pessimism Removal (CPR):    0.284ns

    Location             Delay type                Incr(ns)  Path(ns)    Netlist Resource(s)
  -------------------------------------------------------------------    -------------------
                         (clock clk_fpga_0 rise edge)
                                                      0.000     0.000 r  
    PS7_X0Y0             PS7                          0.000     0.000 r  project_1_i/ZYNQPS_0/inst/PS7_i/FCLKCLK[0]
                         net (fo=1, routed)           0.310     0.310    project_1_i/ZYNQPS_0/inst/FCLK_CLK_unbuffered[0]
    BUFGCTRL_X0Y16       BUFG (Prop_bufg_I_O)         0.026     0.336 r  project_1_i/ZYNQPS_0/inst/buffer_fclk_clk_0.FCLK_CLK_0_BUFG/O
                         net (fo=358, routed)         0.557     0.893    project_1_i/SMART_CON_0/inst/s00_nodes/s00_ar_node/inst/inst_mi_handler/s_sc_aclk
    SLICE_X33Y92         FDRE                                         r  project_1_i/SMART_CON_0/inst/s00_nodes/s00_ar_node/inst/inst_mi_handler/m_sc_areset_r_reg/C
  -------------------------------------------------------------------    -------------------
    SLICE_X33Y92         FDRE (Prop_fdre_C_Q)         0.141     1.034 r  project_1_i/SMART_CON_0/inst/s00_nodes/s00_ar_node/inst/inst_mi_handler/m_sc_areset_r_reg/Q
                         net (fo=1, routed)           0.091     1.125    project_1_i/SMART_CON_0/inst/s00_nodes/s00_ar_node/inst/inst_mi_handler/gen_normal_area.inst_fifo_node_payld/gen_reg_fifo.inst_reg_fifo/gen_single_rank.inst_cntr/m_sc_areset_r
    SLICE_X32Y92         LUT6 (Prop_lut6_I5_O)        0.045     1.170 r  project_1_i/SMART_CON_0/inst/s00_nodes/s00_ar_node/inst/inst_mi_handler/gen_normal_area.inst_fifo_node_payld/gen_reg_fifo.inst_reg_fifo/gen_single_rank.inst_cntr/gen_single_rank.empty_r_i_1/O
                         net (fo=1, routed)           0.000     1.170    project_1_i/SMART_CON_0/inst/s00_nodes/s00_ar_node/inst/inst_mi_handler/gen_normal_area.inst_fifo_node_payld/gen_reg_fifo.inst_reg_fifo/gen_single_rank.inst_cntr_n_2
    SLICE_X32Y92         FDRE                                         r  project_1_i/SMART_CON_0/inst/s00_nodes/s00_ar_node/inst/inst_mi_handler/gen_normal_area.inst_fifo_node_payld/gen_reg_fifo.inst_reg_fifo/gen_single_rank.empty_r_reg/D
  -------------------------------------------------------------------    -------------------

                         (clock clk_fpga_0 rise edge)
                                                      0.000     0.000 r  
    PS7_X0Y0             PS7                          0.000     0.000 r  project_1_i/ZYNQPS_0/inst/PS7_i/FCLKCLK[0]
                         net (fo=1, routed)           0.337     0.337    project_1_i/ZYNQPS_0/inst/FCLK_CLK_unbuffered[0]
    BUFGCTRL_X0Y16       BUFG (Prop_bufg_I_O)         0.029     0.366 r  project_1_i/ZYNQPS_0/inst/buffer_fclk_clk_0.FCLK_CLK_0_BUFG/O
                         net (fo=358, routed)         0.824     1.190    project_1_i/SMART_CON_0/inst/s00_nodes/s00_ar_node/inst/inst_mi_handler/gen_normal_area.inst_fifo_node_payld/gen_reg_fifo.inst_reg_fifo/s_sc_aclk
    SLICE_X32Y92         FDRE                                         r  project_1_i/SMART_CON_0/inst/s00_nodes/s00_ar_node/inst/inst_mi_handler/gen_normal_area.inst_fifo_node_payld/gen_reg_fifo.inst_reg_fifo/gen_single_rank.empty_r_reg/C
                         clock pessimism             -0.284     0.906    
    SLICE_X32Y92         FDRE (Hold_fdre_C_D)         0.121     1.027    project_1_i/SMART_CON_0/inst/s00_nodes/s00_ar_node/inst/inst_mi_handler/gen_normal_area.inst_fifo_node_payld/gen_reg_fifo.inst_reg_fifo/gen_single_rank.empty_r_reg
  -------------------------------------------------------------------
                         required time                         -1.027    
                         arrival time                           1.170    
  -------------------------------------------------------------------
                         slack                                  0.143    

Slack (MET) :             0.160ns  (arrival time - required time)
  Source:                 project_1_i/PROC_SYS_RESET_0/U0/EXT_LPF/ACTIVE_LOW_EXT.ACT_LO_EXT/GENERATE_LEVEL_P_S_CDC.SINGLE_BIT.CROSS_PLEVEL_IN2SCNDRY_IN_cdc_to/C
                            (rising edge-triggered cell FDRE clocked by clk_fpga_0  {rise@0.000ns fall@5.000ns period=10.000ns})
  Destination:            project_1_i/PROC_SYS_RESET_0/U0/EXT_LPF/ACTIVE_LOW_EXT.ACT_LO_EXT/GENERATE_LEVEL_P_S_CDC.SINGLE_BIT.CROSS_PLEVEL_IN2SCNDRY_s_level_out_d2/D
                            (rising edge-triggered cell FDRE clocked by clk_fpga_0  {rise@0.000ns fall@5.000ns period=10.000ns})
  Path Group:             clk_fpga_0
  Path Type:              Hold (Min at Fast Process Corner)
  Requirement:            0.000ns  (clk_fpga_0 rise@0.000ns - clk_fpga_0 rise@0.000ns)
  Data Path Delay:        0.220ns  (logic 0.164ns (74.580%)  route 0.056ns (25.420%))
  Logic Levels:           0  
  Clock Path Skew:        0.000ns (DCD - SCD - CPR)
    Destination Clock Delay (DCD):    1.206ns
    Source Clock Delay      (SCD):    0.909ns
    Clock Pessimism Removal (CPR):    0.297ns

    Location             Delay type                Incr(ns)  Path(ns)    Netlist Resource(s)
  -------------------------------------------------------------------    -------------------
                         (clock clk_fpga_0 rise edge)
                                                      0.000     0.000 r  
    PS7_X0Y0             PS7                          0.000     0.000 r  project_1_i/ZYNQPS_0/inst/PS7_i/FCLKCLK[0]
                         net (fo=1, routed)           0.310     0.310    project_1_i/ZYNQPS_0/inst/FCLK_CLK_unbuffered[0]
    BUFGCTRL_X0Y16       BUFG (Prop_bufg_I_O)         0.026     0.336 r  project_1_i/ZYNQPS_0/inst/buffer_fclk_clk_0.FCLK_CLK_0_BUFG/O
                         net (fo=358, routed)         0.573     0.909    project_1_i/PROC_SYS_RESET_0/U0/EXT_LPF/ACTIVE_LOW_EXT.ACT_LO_EXT/slowest_sync_clk
    SLICE_X30Y87         FDRE                                         r  project_1_i/PROC_SYS_RESET_0/U0/EXT_LPF/ACTIVE_LOW_EXT.ACT_LO_EXT/GENERATE_LEVEL_P_S_CDC.SINGLE_BIT.CROSS_PLEVEL_IN2SCNDRY_IN_cdc_to/C
  -------------------------------------------------------------------    -------------------
    SLICE_X30Y87         FDRE (Prop_fdre_C_Q)         0.164     1.073 r  project_1_i/PROC_SYS_RESET_0/U0/EXT_LPF/ACTIVE_LOW_EXT.ACT_LO_EXT/GENERATE_LEVEL_P_S_CDC.SINGLE_BIT.CROSS_PLEVEL_IN2SCNDRY_IN_cdc_to/Q
                         net (fo=1, routed)           0.056     1.128    project_1_i/PROC_SYS_RESET_0/U0/EXT_LPF/ACTIVE_LOW_EXT.ACT_LO_EXT/s_level_out_d1_cdc_to
    SLICE_X30Y87         FDRE                                         r  project_1_i/PROC_SYS_RESET_0/U0/EXT_LPF/ACTIVE_LOW_EXT.ACT_LO_EXT/GENERATE_LEVEL_P_S_CDC.SINGLE_BIT.CROSS_PLEVEL_IN2SCNDRY_s_level_out_d2/D
  -------------------------------------------------------------------    -------------------

                         (clock clk_fpga_0 rise edge)
                                                      0.000     0.000 r  
    PS7_X0Y0             PS7                          0.000     0.000 r  project_1_i/ZYNQPS_0/inst/PS7_i/FCLKCLK[0]
                         net (fo=1, routed)           0.337     0.337    project_1_i/ZYNQPS_0/inst/FCLK_CLK_unbuffered[0]
    BUFGCTRL_X0Y16       BUFG (Prop_bufg_I_O)         0.029     0.366 r  project_1_i/ZYNQPS_0/inst/buffer_fclk_clk_0.FCLK_CLK_0_BUFG/O
                         net (fo=358, routed)         0.840     1.206    project_1_i/PROC_SYS_RESET_0/U0/EXT_LPF/ACTIVE_LOW_EXT.ACT_LO_EXT/slowest_sync_clk
    SLICE_X30Y87         FDRE                                         r  project_1_i/PROC_SYS_RESET_0/U0/EXT_LPF/ACTIVE_LOW_EXT.ACT_LO_EXT/GENERATE_LEVEL_P_S_CDC.SINGLE_BIT.CROSS_PLEVEL_IN2SCNDRY_s_level_out_d2/C
                         clock pessimism             -0.297     0.909    
    SLICE_X30Y87         FDRE (Hold_fdre_C_D)         0.060     0.969    project_1_i/PROC_SYS_RESET_0/U0/EXT_LPF/ACTIVE_LOW_EXT.ACT_LO_EXT/GENERATE_LEVEL_P_S_CDC.SINGLE_BIT.CROSS_PLEVEL_IN2SCNDRY_s_level_out_d2
  -------------------------------------------------------------------
                         required time                         -0.969    
                         arrival time                           1.128    
  -------------------------------------------------------------------
                         slack                                  0.160    

Slack (MET) :             0.162ns  (arrival time - required time)
  Source:                 project_1_i/SMART_CON_0/inst/s00_nodes/s00_b_node/inst/inst_mi_handler/gen_normal_area.inst_fifo_node_payld/gen_reg_fifo.inst_reg_fifo/gen_single_rank.data_reg[4]/C
                            (rising edge-triggered cell FDRE clocked by clk_fpga_0  {rise@0.000ns fall@5.000ns period=10.000ns})
  Destination:            project_1_i/SMART_CON_0/inst/s00_entry_pipeline/s00_si_converter/inst/gen_axilite_conv.axilite_conv_inst/s_axi_bresp_i_reg[0]/D
                            (rising edge-triggered cell FDRE clocked by clk_fpga_0  {rise@0.000ns fall@5.000ns period=10.000ns})
  Path Group:             clk_fpga_0
  Path Type:              Hold (Min at Fast Process Corner)
  Requirement:            0.000ns  (clk_fpga_0 rise@0.000ns - clk_fpga_0 rise@0.000ns)
  Data Path Delay:        0.266ns  (logic 0.186ns (69.797%)  route 0.080ns (30.203%))
  Logic Levels:           1  (LUT6=1)
  Clock Path Skew:        0.013ns (DCD - SCD - CPR)
    Destination Clock Delay (DCD):    1.211ns
    Source Clock Delay      (SCD):    0.913ns
    Clock Pessimism Removal (CPR):    0.285ns

    Location             Delay type                Incr(ns)  Path(ns)    Netlist Resource(s)
  -------------------------------------------------------------------    -------------------
                         (clock clk_fpga_0 rise edge)
                                                      0.000     0.000 r  
    PS7_X0Y0             PS7                          0.000     0.000 r  project_1_i/ZYNQPS_0/inst/PS7_i/FCLKCLK[0]
                         net (fo=1, routed)           0.310     0.310    project_1_i/ZYNQPS_0/inst/FCLK_CLK_unbuffered[0]
    BUFGCTRL_X0Y16       BUFG (Prop_bufg_I_O)         0.026     0.336 r  project_1_i/ZYNQPS_0/inst/buffer_fclk_clk_0.FCLK_CLK_0_BUFG/O
                         net (fo=358, routed)         0.577     0.913    project_1_i/SMART_CON_0/inst/s00_nodes/s00_b_node/inst/inst_mi_handler/gen_normal_area.inst_fifo_node_payld/gen_reg_fifo.inst_reg_fifo/s_sc_aclk
    SLICE_X29Y98         FDRE                                         r  project_1_i/SMART_CON_0/inst/s00_nodes/s00_b_node/inst/inst_mi_handler/gen_normal_area.inst_fifo_node_payld/gen_reg_fifo.inst_reg_fifo/gen_single_rank.data_reg[4]/C
  -------------------------------------------------------------------    -------------------
    SLICE_X29Y98         FDRE (Prop_fdre_C_Q)         0.141     1.054 r  project_1_i/SMART_CON_0/inst/s00_nodes/s00_b_node/inst/inst_mi_handler/gen_normal_area.inst_fifo_node_payld/gen_reg_fifo.inst_reg_fifo/gen_single_rank.data_reg[4]/Q
                         net (fo=3, routed)           0.080     1.134    project_1_i/SMART_CON_0/inst/s00_entry_pipeline/s00_si_converter/inst/gen_axilite_conv.axilite_conv_inst/m_axi_bresp[1]
    SLICE_X28Y98         LUT6 (Prop_lut6_I3_O)        0.045     1.179 r  project_1_i/SMART_CON_0/inst/s00_entry_pipeline/s00_si_converter/inst/gen_axilite_conv.axilite_conv_inst/s_axi_bresp_i[0]_i_1/O
                         net (fo=1, routed)           0.000     1.179    project_1_i/SMART_CON_0/inst/s00_entry_pipeline/s00_si_converter/inst/gen_axilite_conv.axilite_conv_inst/s_axi_bresp_i[0]_i_1_n_0
    SLICE_X28Y98         FDRE                                         r  project_1_i/SMART_CON_0/inst/s00_entry_pipeline/s00_si_converter/inst/gen_axilite_conv.axilite_conv_inst/s_axi_bresp_i_reg[0]/D
  -------------------------------------------------------------------    -------------------

                         (clock clk_fpga_0 rise edge)
                                                      0.000     0.000 r  
    PS7_X0Y0             PS7                          0.000     0.000 r  project_1_i/ZYNQPS_0/inst/PS7_i/FCLKCLK[0]
                         net (fo=1, routed)           0.337     0.337    project_1_i/ZYNQPS_0/inst/FCLK_CLK_unbuffered[0]
    BUFGCTRL_X0Y16       BUFG (Prop_bufg_I_O)         0.029     0.366 r  project_1_i/ZYNQPS_0/inst/buffer_fclk_clk_0.FCLK_CLK_0_BUFG/O
                         net (fo=358, routed)         0.845     1.211    project_1_i/SMART_CON_0/inst/s00_entry_pipeline/s00_si_converter/inst/gen_axilite_conv.axilite_conv_inst/aclk
    SLICE_X28Y98         FDRE                                         r  project_1_i/SMART_CON_0/inst/s00_entry_pipeline/s00_si_converter/inst/gen_axilite_conv.axilite_conv_inst/s_axi_bresp_i_reg[0]/C
                         clock pessimism             -0.285     0.926    
    SLICE_X28Y98         FDRE (Hold_fdre_C_D)         0.091     1.017    project_1_i/SMART_CON_0/inst/s00_entry_pipeline/s00_si_converter/inst/gen_axilite_conv.axilite_conv_inst/s_axi_bresp_i_reg[0]
  -------------------------------------------------------------------
                         required time                         -1.017    
                         arrival time                           1.179    
  -------------------------------------------------------------------
                         slack                                  0.162    

Slack (MET) :             0.171ns  (arrival time - required time)
  Source:                 project_1_i/SMART_CON_0/inst/s00_nodes/s00_r_node/inst/inst_mi_handler/gen_normal_area.inst_fifo_node_payld/gen_reg_fifo.inst_reg_fifo/gen_single_rank.data_reg[28]/C
                            (rising edge-triggered cell FDRE clocked by clk_fpga_0  {rise@0.000ns fall@5.000ns period=10.000ns})
  Destination:            project_1_i/SMART_CON_0/inst/s00_entry_pipeline/s00_si_converter/inst/gen_axilite_conv.axilite_conv_inst/s_axi_rdata_i_reg[9]/D
                            (rising edge-triggered cell FDRE clocked by clk_fpga_0  {rise@0.000ns fall@5.000ns period=10.000ns})
  Path Group:             clk_fpga_0
  Path Type:              Hold (Min at Fast Process Corner)
  Requirement:            0.000ns  (clk_fpga_0 rise@0.000ns - clk_fpga_0 rise@0.000ns)
  Data Path Delay:        0.291ns  (logic 0.192ns (66.045%)  route 0.099ns (33.955%))
  Logic Levels:           1  (LUT2=1)
  Clock Path Skew:        0.013ns (DCD - SCD - CPR)
    Destination Clock Delay (DCD):    1.208ns
    Source Clock Delay      (SCD):    0.910ns
    Clock Pessimism Removal (CPR):    0.285ns

    Location             Delay type                Incr(ns)  Path(ns)    Netlist Resource(s)
  -------------------------------------------------------------------    -------------------
                         (clock clk_fpga_0 rise edge)
                                                      0.000     0.000 r  
    PS7_X0Y0             PS7                          0.000     0.000 r  project_1_i/ZYNQPS_0/inst/PS7_i/FCLKCLK[0]
                         net (fo=1, routed)           0.310     0.310    project_1_i/ZYNQPS_0/inst/FCLK_CLK_unbuffered[0]
    BUFGCTRL_X0Y16       BUFG (Prop_bufg_I_O)         0.026     0.336 r  project_1_i/ZYNQPS_0/inst/buffer_fclk_clk_0.FCLK_CLK_0_BUFG/O
                         net (fo=358, routed)         0.574     0.910    project_1_i/SMART_CON_0/inst/s00_nodes/s00_r_node/inst/inst_mi_handler/gen_normal_area.inst_fifo_node_payld/gen_reg_fifo.inst_reg_fifo/s_sc_aclk
    SLICE_X29Y88         FDRE                                         r  project_1_i/SMART_CON_0/inst/s00_nodes/s00_r_node/inst/inst_mi_handler/gen_normal_area.inst_fifo_node_payld/gen_reg_fifo.inst_reg_fifo/gen_single_rank.data_reg[28]/C
  -------------------------------------------------------------------    -------------------
    SLICE_X29Y88         FDRE (Prop_fdre_C_Q)         0.141     1.051 r  project_1_i/SMART_CON_0/inst/s00_nodes/s00_r_node/inst/inst_mi_handler/gen_normal_area.inst_fifo_node_payld/gen_reg_fifo.inst_reg_fifo/gen_single_rank.data_reg[28]/Q
                         net (fo=1, routed)           0.099     1.149    project_1_i/SMART_CON_0/inst/s00_entry_pipeline/s00_si_converter/inst/gen_axilite_conv.axilite_conv_inst/m_axi_rdata[9]
    SLICE_X28Y88         LUT2 (Prop_lut2_I0_O)        0.051     1.200 r  project_1_i/SMART_CON_0/inst/s00_entry_pipeline/s00_si_converter/inst/gen_axilite_conv.axilite_conv_inst/s_axi_rdata_i[9]_i_1/O
                         net (fo=1, routed)           0.000     1.200    project_1_i/SMART_CON_0/inst/s00_entry_pipeline/s00_si_converter/inst/gen_axilite_conv.axilite_conv_inst/s_axi_rdata_i0_in[9]
    SLICE_X28Y88         FDRE                                         r  project_1_i/SMART_CON_0/inst/s00_entry_pipeline/s00_si_converter/inst/gen_axilite_conv.axilite_conv_inst/s_axi_rdata_i_reg[9]/D
  -------------------------------------------------------------------    -------------------

                         (clock clk_fpga_0 rise edge)
                                                      0.000     0.000 r  
    PS7_X0Y0             PS7                          0.000     0.000 r  project_1_i/ZYNQPS_0/inst/PS7_i/FCLKCLK[0]
                         net (fo=1, routed)           0.337     0.337    project_1_i/ZYNQPS_0/inst/FCLK_CLK_unbuffered[0]
    BUFGCTRL_X0Y16       BUFG (Prop_bufg_I_O)         0.029     0.366 r  project_1_i/ZYNQPS_0/inst/buffer_fclk_clk_0.FCLK_CLK_0_BUFG/O
                         net (fo=358, routed)         0.842     1.208    project_1_i/SMART_CON_0/inst/s00_entry_pipeline/s00_si_converter/inst/gen_axilite_conv.axilite_conv_inst/aclk
    SLICE_X28Y88         FDRE                                         r  project_1_i/SMART_CON_0/inst/s00_entry_pipeline/s00_si_converter/inst/gen_axilite_conv.axilite_conv_inst/s_axi_rdata_i_reg[9]/C
                         clock pessimism             -0.285     0.923    
    SLICE_X28Y88         FDRE (Hold_fdre_C_D)         0.107     1.030    project_1_i/SMART_CON_0/inst/s00_entry_pipeline/s00_si_converter/inst/gen_axilite_conv.axilite_conv_inst/s_axi_rdata_i_reg[9]
  -------------------------------------------------------------------
                         required time                         -1.030    
                         arrival time                           1.200    
  -------------------------------------------------------------------
                         slack                                  0.171    

Slack (MET) :             0.171ns  (arrival time - required time)
  Source:                 project_1_i/SMART_CON_0/inst/s00_entry_pipeline/s00_si_converter/inst/gen_axilite_conv.axilite_conv_inst/b_cnt_reg[2]/C
                            (rising edge-triggered cell FDRE clocked by clk_fpga_0  {rise@0.000ns fall@5.000ns period=10.000ns})
  Destination:            project_1_i/SMART_CON_0/inst/s00_entry_pipeline/s00_si_converter/inst/gen_axilite_conv.axilite_conv_inst/b_cnt_reg[4]/D
                            (rising edge-triggered cell FDRE clocked by clk_fpga_0  {rise@0.000ns fall@5.000ns period=10.000ns})
  Path Group:             clk_fpga_0
  Path Type:              Hold (Min at Fast Process Corner)
  Requirement:            0.000ns  (clk_fpga_0 rise@0.000ns - clk_fpga_0 rise@0.000ns)
  Data Path Delay:        0.315ns  (logic 0.189ns (59.909%)  route 0.126ns (40.091%))
  Logic Levels:           1  (LUT5=1)
  Clock Path Skew:        0.013ns (DCD - SCD - CPR)
    Destination Clock Delay (DCD):    1.296ns
    Source Clock Delay      (SCD):    0.992ns
    Clock Pessimism Removal (CPR):    0.291ns

    Location             Delay type                Incr(ns)  Path(ns)    Netlist Resource(s)
  -------------------------------------------------------------------    -------------------
                         (clock clk_fpga_0 rise edge)
                                                      0.000     0.000 r  
    PS7_X0Y0             PS7                          0.000     0.000 r  project_1_i/ZYNQPS_0/inst/PS7_i/FCLKCLK[0]
                         net (fo=1, routed)           0.310     0.310    project_1_i/ZYNQPS_0/inst/FCLK_CLK_unbuffered[0]
    BUFGCTRL_X0Y16       BUFG (Prop_bufg_I_O)         0.026     0.336 r  project_1_i/ZYNQPS_0/inst/buffer_fclk_clk_0.FCLK_CLK_0_BUFG/O
                         net (fo=358, routed)         0.656     0.992    project_1_i/SMART_CON_0/inst/s00_entry_pipeline/s00_si_converter/inst/gen_axilite_conv.axilite_conv_inst/aclk
    SLICE_X27Y101        FDRE                                         r  project_1_i/SMART_CON_0/inst/s00_entry_pipeline/s00_si_converter/inst/gen_axilite_conv.axilite_conv_inst/b_cnt_reg[2]/C
  -------------------------------------------------------------------    -------------------
    SLICE_X27Y101        FDRE (Prop_fdre_C_Q)         0.141     1.133 r  project_1_i/SMART_CON_0/inst/s00_entry_pipeline/s00_si_converter/inst/gen_axilite_conv.axilite_conv_inst/b_cnt_reg[2]/Q
                         net (fo=8, routed)           0.126     1.259    project_1_i/SMART_CON_0/inst/s00_entry_pipeline/s00_si_converter/inst/gen_axilite_conv.axilite_conv_inst/b_cnt_reg[2]
    SLICE_X26Y101        LUT5 (Prop_lut5_I4_O)        0.048     1.307 r  project_1_i/SMART_CON_0/inst/s00_entry_pipeline/s00_si_converter/inst/gen_axilite_conv.axilite_conv_inst/b_cnt[4]_i_1/O
                         net (fo=1, routed)           0.000     1.307    project_1_i/SMART_CON_0/inst/s00_entry_pipeline/s00_si_converter/inst/gen_axilite_conv.axilite_conv_inst/b_cnt[4]_i_1_n_0
    SLICE_X26Y101        FDRE                                         r  project_1_i/SMART_CON_0/inst/s00_entry_pipeline/s00_si_converter/inst/gen_axilite_conv.axilite_conv_inst/b_cnt_reg[4]/D
  -------------------------------------------------------------------    -------------------

                         (clock clk_fpga_0 rise edge)
                                                      0.000     0.000 r  
    PS7_X0Y0             PS7                          0.000     0.000 r  project_1_i/ZYNQPS_0/inst/PS7_i/FCLKCLK[0]
                         net (fo=1, routed)           0.337     0.337    project_1_i/ZYNQPS_0/inst/FCLK_CLK_unbuffered[0]
    BUFGCTRL_X0Y16       BUFG (Prop_bufg_I_O)         0.029     0.366 r  project_1_i/ZYNQPS_0/inst/buffer_fclk_clk_0.FCLK_CLK_0_BUFG/O
                         net (fo=358, routed)         0.930     1.296    project_1_i/SMART_CON_0/inst/s00_entry_pipeline/s00_si_converter/inst/gen_axilite_conv.axilite_conv_inst/aclk
    SLICE_X26Y101        FDRE                                         r  project_1_i/SMART_CON_0/inst/s00_entry_pipeline/s00_si_converter/inst/gen_axilite_conv.axilite_conv_inst/b_cnt_reg[4]/C
                         clock pessimism             -0.291     1.005    
    SLICE_X26Y101        FDRE (Hold_fdre_C_D)         0.131     1.136    project_1_i/SMART_CON_0/inst/s00_entry_pipeline/s00_si_converter/inst/gen_axilite_conv.axilite_conv_inst/b_cnt_reg[4]
  -------------------------------------------------------------------
                         required time                         -1.136    
                         arrival time                           1.307    
  -------------------------------------------------------------------
                         slack                                  0.171    





Pulse Width Checks
--------------------------------------------------------------------------------------
Clock Name:         clk_fpga_0
Waveform(ns):       { 0.000 5.000 }
Period(ns):         10.000
Sources:            { project_1_i/ZYNQPS_0/inst/PS7_i/FCLKCLK[0] }

Check Type        Corner  Lib Pin     Reference Pin  Required(ns)  Actual(ns)  Slack(ns)  Location        Pin
Min Period        n/a     BUFG/I      n/a            2.155         10.000      7.845      BUFGCTRL_X0Y16  project_1_i/ZYNQPS_0/inst/buffer_fclk_clk_0.FCLK_CLK_0_BUFG/I
Min Period        n/a     FDSE/C      n/a            1.000         10.000      9.000      SLICE_X34Y94    project_1_i/AXI_GPIO_0/U0/AXI_LITE_IPIF_I/I_SLAVE_ATTACHMENT/FSM_onehot_state_reg[0]/C
Min Period        n/a     FDRE/C      n/a            1.000         10.000      9.000      SLICE_X32Y93    project_1_i/AXI_GPIO_0/U0/AXI_LITE_IPIF_I/I_SLAVE_ATTACHMENT/FSM_onehot_state_reg[1]/C
Min Period        n/a     FDRE/C      n/a            1.000         10.000      9.000      SLICE_X34Y93    project_1_i/AXI_GPIO_0/U0/AXI_LITE_IPIF_I/I_SLAVE_ATTACHMENT/FSM_onehot_state_reg[2]/C
Min Period        n/a     FDRE/C      n/a            1.000         10.000      9.000      SLICE_X34Y93    project_1_i/AXI_GPIO_0/U0/AXI_LITE_IPIF_I/I_SLAVE_ATTACHMENT/FSM_onehot_state_reg[3]/C
Min Period        n/a     FDRE/C      n/a            1.000         10.000      9.000      SLICE_X33Y93    project_1_i/AXI_GPIO_0/U0/AXI_LITE_IPIF_I/I_SLAVE_ATTACHMENT/INCLUDE_DPHASE_TIMER.dpto_cnt_reg[0]/C
Min Period        n/a     FDRE/C      n/a            1.000         10.000      9.000      SLICE_X33Y93    project_1_i/AXI_GPIO_0/U0/AXI_LITE_IPIF_I/I_SLAVE_ATTACHMENT/INCLUDE_DPHASE_TIMER.dpto_cnt_reg[1]/C
Min Period        n/a     FDRE/C      n/a            1.000         10.000      9.000      SLICE_X33Y93    project_1_i/AXI_GPIO_0/U0/AXI_LITE_IPIF_I/I_SLAVE_ATTACHMENT/INCLUDE_DPHASE_TIMER.dpto_cnt_reg[2]/C
Min Period        n/a     FDRE/C      n/a            1.000         10.000      9.000      SLICE_X33Y93    project_1_i/AXI_GPIO_0/U0/AXI_LITE_IPIF_I/I_SLAVE_ATTACHMENT/INCLUDE_DPHASE_TIMER.dpto_cnt_reg[3]/C
Min Period        n/a     FDRE/C      n/a            1.000         10.000      9.000      SLICE_X30Y91    project_1_i/AXI_GPIO_0/U0/ip2bus_data_i_D1_reg[29]/C
Low Pulse Width   Slow    SRL16E/CLK  n/a            0.980         5.000       4.020      SLICE_X30Y88    project_1_i/PROC_SYS_RESET_0/U0/EXT_LPF/POR_SRL_I/CLK
Low Pulse Width   Fast    SRL16E/CLK  n/a            0.980         5.000       4.020      SLICE_X30Y88    project_1_i/PROC_SYS_RESET_0/U0/EXT_LPF/POR_SRL_I/CLK
Low Pulse Width   Slow    SRL16E/CLK  n/a            0.980         5.000       4.020      SLICE_X30Y88    project_1_i/SMART_CON_0/inst/clk_map/psr_aclk/U0/EXT_LPF/POR_SRL_I/CLK
Low Pulse Width   Fast    SRL16E/CLK  n/a            0.980         5.000       4.020      SLICE_X30Y88    project_1_i/SMART_CON_0/inst/clk_map/psr_aclk/U0/EXT_LPF/POR_SRL_I/CLK
Low Pulse Width   Fast    FDSE/C      n/a            0.500         5.000       4.500      SLICE_X34Y94    project_1_i/AXI_GPIO_0/U0/AXI_LITE_IPIF_I/I_SLAVE_ATTACHMENT/FSM_onehot_state_reg[0]/C
Low Pulse Width   Fast    FDRE/C      n/a            0.500         5.000       4.500      SLICE_X32Y93    project_1_i/AXI_GPIO_0/U0/AXI_LITE_IPIF_I/I_SLAVE_ATTACHMENT/FSM_onehot_state_reg[1]/C
Low Pulse Width   Fast    FDRE/C      n/a            0.500         5.000       4.500      SLICE_X34Y93    project_1_i/AXI_GPIO_0/U0/AXI_LITE_IPIF_I/I_SLAVE_ATTACHMENT/FSM_onehot_state_reg[2]/C
Low Pulse Width   Fast    FDRE/C      n/a            0.500         5.000       4.500      SLICE_X34Y93    project_1_i/AXI_GPIO_0/U0/AXI_LITE_IPIF_I/I_SLAVE_ATTACHMENT/FSM_onehot_state_reg[3]/C
Low Pulse Width   Fast    FDRE/C      n/a            0.500         5.000       4.500      SLICE_X33Y93    project_1_i/AXI_GPIO_0/U0/AXI_LITE_IPIF_I/I_SLAVE_ATTACHMENT/INCLUDE_DPHASE_TIMER.dpto_cnt_reg[0]/C
Low Pulse Width   Fast    FDRE/C      n/a            0.500         5.000       4.500      SLICE_X33Y93    project_1_i/AXI_GPIO_0/U0/AXI_LITE_IPIF_I/I_SLAVE_ATTACHMENT/INCLUDE_DPHASE_TIMER.dpto_cnt_reg[1]/C
High Pulse Width  Slow    SRL16E/CLK  n/a            0.980         5.000       4.020      SLICE_X30Y88    project_1_i/PROC_SYS_RESET_0/U0/EXT_LPF/POR_SRL_I/CLK
High Pulse Width  Slow    SRL16E/CLK  n/a            0.980         5.000       4.020      SLICE_X30Y88    project_1_i/SMART_CON_0/inst/clk_map/psr_aclk/U0/EXT_LPF/POR_SRL_I/CLK
High Pulse Width  Fast    SRL16E/CLK  n/a            0.980         5.000       4.020      SLICE_X30Y88    project_1_i/PROC_SYS_RESET_0/U0/EXT_LPF/POR_SRL_I/CLK
High Pulse Width  Fast    SRL16E/CLK  n/a            0.980         5.000       4.020      SLICE_X30Y88    project_1_i/SMART_CON_0/inst/clk_map/psr_aclk/U0/EXT_LPF/POR_SRL_I/CLK
High Pulse Width  Slow    FDSE/C      n/a            0.500         5.000       4.500      SLICE_X34Y94    project_1_i/AXI_GPIO_0/U0/AXI_LITE_IPIF_I/I_SLAVE_ATTACHMENT/FSM_onehot_state_reg[0]/C
High Pulse Width  Slow    FDRE/C      n/a            0.500         5.000       4.500      SLICE_X32Y93    project_1_i/AXI_GPIO_0/U0/AXI_LITE_IPIF_I/I_SLAVE_ATTACHMENT/FSM_onehot_state_reg[1]/C
High Pulse Width  Slow    FDRE/C      n/a            0.500         5.000       4.500      SLICE_X34Y93    project_1_i/AXI_GPIO_0/U0/AXI_LITE_IPIF_I/I_SLAVE_ATTACHMENT/FSM_onehot_state_reg[2]/C
High Pulse Width  Slow    FDRE/C      n/a            0.500         5.000       4.500      SLICE_X34Y93    project_1_i/AXI_GPIO_0/U0/AXI_LITE_IPIF_I/I_SLAVE_ATTACHMENT/FSM_onehot_state_reg[3]/C
High Pulse Width  Slow    FDRE/C      n/a            0.500         5.000       4.500      SLICE_X33Y93    project_1_i/AXI_GPIO_0/U0/AXI_LITE_IPIF_I/I_SLAVE_ATTACHMENT/INCLUDE_DPHASE_TIMER.dpto_cnt_reg[0]/C
High Pulse Width  Slow    FDRE/C      n/a            0.500         5.000       4.500      SLICE_X33Y93    project_1_i/AXI_GPIO_0/U0/AXI_LITE_IPIF_I/I_SLAVE_ATTACHMENT/INCLUDE_DPHASE_TIMER.dpto_cnt_reg[1]/C



